,DATETIMEDATA,PM25,CO,NO2,TEMP,RH
0,2024-01-01 00:00:00,31.5,0.63,10.0,27,95
1,2024-01-01 01:00:00,35.5,0.61,11.0,27,96
2,2024-01-01 02:00:00,28.3,0.5,5.29,27,93
3,2024-01-01 03:00:00,22.2,0.44,3.0,27,92
4,2024-01-01 04:00:00,27.4,0.43,1.0,26,93
5,2024-01-01 05:00:00,25.7,0.46,3.0,26,95
6,2024-01-01 06:00:00,25.3,0.48,4.0,26,92
7,2024-01-01 07:00:00,22.4,0.5,7.0,27,88
8,2024-01-01 08:00:00,23.1,0.37,3.0,29,74
9,2024-01-01 09:00:00,21.9,0.38,2.0,31,67
10,2024-01-01 10:00:00,17.4,0.38,2.0,31,63
11,2024-01-01 11:00:00,22.3,0.39,3.0,32,61
12,2024-01-01 12:00:00,21.5,0.39,2.0,33,59
13,2024-01-01 13:00:00,18.1,0.44,4.0,34,56
14,2024-01-01 14:00:00,20.2,0.42,4.0,35,53
15,2024-01-01 15:00:00,18.6,0.36,2.0,35,52
16,2024-01-01 16:00:00,20.5,0.39,2.0,34,53
17,2024-01-01 17:00:00,21.6,0.48,6.0,32,60
18,2024-01-01 18:00:00,22.5,0.51,12.0,31,69
19,2024-01-01 19:00:00,19.3,0.53,11.0,30,75
20,2024-01-01 20:00:00,20.2,0.6,16.0,29,75
21,2024-01-01 21:00:00,25.7,0.6,17.0,29,78
22,2024-01-01 22:00:00,28.5,0.49,9.0,28,80
23,2024-01-01 23:00:00,26.7,0.39,3.0,28,79
24,2024-01-02 00:00:00,20.8,0.33,3.0,28,74
25,2024-01-02 01:00:00,19.4,0.27,0.0,28,77
26,2024-01-02 02:00:00,19.0,0.26,0.0,27,80
27,2024-01-02 03:00:00,17.3,0.5,5.29,27,80
28,2024-01-02 04:00:00,20.6,0.35,0.0,27,82
29,2024-01-02 05:00:00,19.6,0.34,0.0,27,85
30,2024-01-02 06:00:00,21.8,0.32,1.0,26,86
31,2024-01-02 07:00:00,21.2,0.45,6.0,27,81
32,2024-01-02 08:00:00,20.9,0.37,3.0,29,72
33,2024-01-02 09:00:00,18.4,0.41,2.0,31,64
34,2024-01-02 10:00:00,20.0,0.41,2.0,32,59
35,2024-01-02 11:00:00,15.7,0.43,4.0,33,56
36,2024-01-02 12:00:00,18.0,0.41,4.0,34,55
37,2024-01-02 13:00:00,15.6,0.4,4.0,34,53
38,2024-01-02 14:00:00,20.1,0.42,4.0,35,49
39,2024-01-02 15:00:00,19.6,0.37,3.0,35,49
40,2024-01-02 16:00:00,21.8,0.4,6.0,35,49
41,2024-01-02 17:00:00,20.6,0.44,6.0,33,53
42,2024-01-02 18:00:00,23.9,0.46,10.0,32,58
43,2024-01-02 19:00:00,23.9,0.52,14.0,31,64
44,2024-01-02 20:00:00,21.3,0.49,11.0,30,66
45,2024-01-02 21:00:00,20.9,0.45,6.0,30,68
46,2024-01-02 22:00:00,18.7,0.45,3.0,30,65
47,2024-01-02 23:00:00,17.6,0.43,2.0,29,68
48,2024-01-03 00:00:00,21.3,0.38,2.0,28,73
49,2024-01-03 01:00:00,20.3,0.35,1.0,28,72
50,2024-01-03 02:00:00,19.1,0.35,1.0,28,74
51,2024-01-03 03:00:00,18.9,0.37,0.0,28,80
52,2024-01-03 04:00:00,22.3,0.5,5.29,27,85
53,2024-01-03 05:00:00,18.7,0.39,0.0,27,86
54,2024-01-03 06:00:00,21.1,0.46,5.0,27,87
55,2024-01-03 07:00:00,23.1,0.53,7.0,28,82
56,2024-01-03 08:00:00,20.8,0.44,6.0,29,72
57,2024-01-03 09:00:00,22.2,0.44,4.0,31,65
58,2024-01-03 10:00:00,20.8,0.45,4.0,32,59
59,2024-01-03 11:00:00,22.5,0.45,5.0,32,58
60,2024-01-03 12:00:00,21.1,0.44,4.0,32,58
61,2024-01-03 13:00:00,20.9,0.46,6.0,33,55
62,2024-01-03 14:00:00,19.1,0.44,3.0,33,58
63,2024-01-03 15:00:00,21.2,0.41,5.0,33,56
64,2024-01-03 16:00:00,20.2,0.5,7.0,32,57
65,2024-01-03 17:00:00,26.0,0.53,10.0,31,62
66,2024-01-03 18:00:00,28.0,0.54,11.0,29,72
67,2024-01-03 19:00:00,25.9,0.62,13.0,29,72
68,2024-01-03 20:00:00,28.2,0.63,17.0,29,75
69,2024-01-03 21:00:00,28.7,0.45,6.0,29,79
70,2024-01-03 22:00:00,25.8,0.44,6.0,28,80
71,2024-01-03 23:00:00,26.3,0.42,5.0,28,81
72,2024-01-04 00:00:00,20.9,0.38,3.0,28,77
73,2024-01-04 01:00:00,18.7,0.32,1.0,28,77
74,2024-01-04 02:00:00,16.8,0.3,0.0,27,74
75,2024-01-04 03:00:00,17.2,0.34,0.0,27,77
76,2024-01-04 04:00:00,17.1,0.36,0.0,27,78
77,2024-01-04 05:00:00,18.8,0.5,5.29,27,80
78,2024-01-04 06:00:00,20.2,0.4,3.0,27,80
79,2024-01-04 07:00:00,21.6,0.57,9.0,27,78
80,2024-01-04 08:00:00,22.1,0.43,5.0,30,68
81,2024-01-04 09:00:00,24.7,0.45,5.0,32,60
82,2024-01-04 10:00:00,23.4,0.46,4.0,32,57
83,2024-01-04 11:00:00,20.7,0.51,6.0,33,54
84,2024-01-04 12:00:00,22.3,0.49,6.0,33,55
85,2024-01-04 13:00:00,23.2,0.46,7.0,33,60
86,2024-01-04 14:00:00,22.3,0.44,3.0,31,65
87,2024-01-04 15:00:00,23.5,0.41,4.0,32,60
88,2024-01-04 16:00:00,20.9,0.51,7.0,33,57
89,2024-01-04 17:00:00,28.7,0.63,10.0,32,61
90,2024-01-04 18:00:00,27.6,0.82,16.0,31,68
91,2024-01-04 19:00:00,30.2,0.51,11.0,30,72
92,2024-01-04 20:00:00,27.4,0.56,10.0,29,75
93,2024-01-04 21:00:00,27.0,0.44,6.0,29,75
94,2024-01-04 22:00:00,26.1,0.39,2.0,28,80
95,2024-01-04 23:00:00,22.1,0.42,2.0,28,81
96,2024-01-05 00:00:00,20.5,0.42,1.0,28,76
97,2024-01-05 01:00:00,20.4,0.38,0.0,28,73
98,2024-01-05 02:00:00,21.6,0.38,0.0,28,75
99,2024-01-05 03:00:00,18.8,0.37,5.29,28,77
100,2024-01-05 04:00:00,20.7,0.39,0.0,27,79
101,2024-01-05 05:00:00,21.5,0.44,1.0,27,78
102,2024-01-05 06:00:00,20.9,0.5,5.29,27,79
103,2024-01-05 07:00:00,22.0,0.56,8.0,28,77
104,2024-01-05 08:00:00,22.2,0.5,7.0,29,72
105,2024-01-05 09:00:00,23.5,0.51,5.0,30,67
106,2024-01-05 10:00:00,24.6,0.46,5.0,32,61
107,2024-01-05 11:00:00,22.3,0.44,5.0,32,60
108,2024-01-05 12:00:00,22.5,0.5,9.0,33,58
109,2024-01-05 13:00:00,24.3,0.5,6.0,33,58
110,2024-01-05 14:00:00,20.9,0.49,5.0,33,58
111,2024-01-05 15:00:00,22.5,0.46,4.0,34,55
112,2024-01-05 16:00:00,19.5,0.57,8.0,33,56
113,2024-01-05 17:00:00,22.9,0.59,9.0,32,62
114,2024-01-05 18:00:00,33.6,0.6,11.0,30,66
115,2024-01-05 19:00:00,25.2,0.54,6.0,30,66
116,2024-01-05 20:00:00,31.7,0.49,6.0,29,66
117,2024-01-05 21:00:00,28.2,0.46,4.0,29,69
118,2024-01-05 22:00:00,28.9,0.48,3.0,28,72
119,2024-01-05 23:00:00,28.7,0.46,3.0,28,72
120,2024-01-06 00:00:00,31.3,0.4,2.0,28,72
121,2024-01-06 01:00:00,25.4,0.4,1.0,28,75
122,2024-01-06 02:00:00,24.0,0.39,1.0,28,76
123,2024-01-06 03:00:00,25.0,0.41,1.0,27,78
124,2024-01-06 04:00:00,24.5,0.43,1.0,27,79
125,2024-01-06 05:00:00,24.1,0.43,2.0,27,77
126,2024-01-06 06:00:00,25.6,0.45,3.0,27,79
127,2024-01-06 07:00:00,25.7,0.5,5.29,28,75
128,2024-01-06 08:00:00,26.9,0.48,5.0,30,66
129,2024-01-06 09:00:00,32.4,0.49,4.0,31,61
130,2024-01-06 10:00:00,28.6,0.49,4.0,32,59
131,2024-01-06 11:00:00,33.0,0.49,5.0,33,56
132,2024-01-06 12:00:00,29.9,0.53,9.0,33,57
133,2024-01-06 13:00:00,32.6,0.53,4.0,34,53
134,2024-01-06 14:00:00,33.4,0.51,3.0,35,48
135,2024-01-06 15:00:00,36.9,0.5,4.0,36,46
136,2024-01-06 16:00:00,32.8,0.52,5.0,35,48
137,2024-01-06 17:00:00,40.6,0.53,11.0,32,59
138,2024-01-06 18:00:00,36.9,0.6,16.0,30,65
139,2024-01-06 19:00:00,37.6,0.63,11.0,30,68
140,2024-01-06 20:00:00,42.8,0.59,9.0,29,71
141,2024-01-06 21:00:00,39.2,0.56,10.0,29,75
142,2024-01-06 22:00:00,34.5,0.59,8.0,29,71
143,2024-01-06 23:00:00,37.5,0.58,8.0,29,69
144,2024-01-07 00:00:00,36.5,0.46,2.0,28,71
145,2024-01-07 01:00:00,31.9,0.45,2.0,28,72
146,2024-01-07 02:00:00,32.9,0.42,1.0,28,73
147,2024-01-07 03:00:00,29.7,0.44,0.0,27,76
148,2024-01-07 04:00:00,33.5,0.49,2.0,27,80
149,2024-01-07 05:00:00,36.3,0.46,0.0,27,81
150,2024-01-07 06:00:00,40.4,0.49,2.0,27,83
151,2024-01-07 07:00:00,43.7,0.52,6.0,28,82
152,2024-01-07 08:00:00,36.7,0.5,5.29,29,76
153,2024-01-07 09:00:00,32.9,0.52,4.0,30,70
154,2024-01-07 10:00:00,35.7,0.53,5.0,31,64
155,2024-01-07 11:00:00,31.2,0.54,6.0,32,59
156,2024-01-07 12:00:00,32.1,0.46,3.0,33,54
157,2024-01-07 13:00:00,30.2,0.48,6.0,32,59
158,2024-01-07 14:00:00,36.7,0.57,9.0,32,60
159,2024-01-07 15:00:00,45.0,0.54,6.0,31,66
160,2024-01-07 16:00:00,42.0,0.57,5.0,30,68
161,2024-01-07 17:00:00,37.6,0.58,7.0,30,70
162,2024-01-07 18:00:00,37.4,0.49,5.0,29,70
163,2024-01-07 19:00:00,35.1,0.51,5.0,29,70
164,2024-01-07 20:00:00,34.7,0.47,4.0,29,72
165,2024-01-07 21:00:00,37.5,0.49,3.0,29,73
166,2024-01-07 22:00:00,35.8,0.51,9.0,29,74
167,2024-01-07 23:00:00,31.8,0.45,4.0,28,74
168,2024-01-08 00:00:00,26.1,0.42,0.0,28,77
169,2024-01-08 01:00:00,26.6,0.41,1.0,28,79
170,2024-01-08 02:00:00,25.2,0.42,1.0,27,81
171,2024-01-08 03:00:00,30.4,0.46,0.0,27,81
172,2024-01-08 04:00:00,30.9,0.45,0.0,27,82
173,2024-01-08 05:00:00,31.2,0.49,2.0,27,82
174,2024-01-08 06:00:00,30.4,0.47,3.0,27,81
175,2024-01-08 07:00:00,29.7,0.5,5.0,28,77
176,2024-01-08 08:00:00,32.8,0.48,4.0,30,69
177,2024-01-08 09:00:00,34.6,0.5,5.29,31,63
178,2024-01-08 10:00:00,25.4,0.48,3.0,32,57
179,2024-01-08 11:00:00,24.7,0.48,4.0,33,54
180,2024-01-08 12:00:00,25.7,0.48,6.0,34,54
181,2024-01-08 13:00:00,25.3,0.52,5.0,35,51
182,2024-01-08 14:00:00,26.4,0.48,4.0,35,49
183,2024-01-08 15:00:00,29.7,0.42,5.0,36,48
184,2024-01-08 16:00:00,22.1,0.5,7.0,36,48
185,2024-01-08 17:00:00,21.5,0.51,8.0,33,54
186,2024-01-08 18:00:00,20.9,0.52,8.0,30,73
187,2024-01-08 19:00:00,30.9,0.51,6.0,28,87
188,2024-01-08 20:00:00,26.4,0.49,6.0,28,83
189,2024-01-08 21:00:00,24.8,0.43,4.0,28,79
190,2024-01-08 22:00:00,19.0,0.42,3.0,28,78
191,2024-01-08 23:00:00,19.3,0.44,2.0,28,74
192,2024-01-09 00:00:00,20.5,0.33,1.0,27,75
193,2024-01-09 01:00:00,23.2,0.29,0.0,27,75
194,2024-01-09 02:00:00,21.2,0.33,0.0,27,75
195,2024-01-09 03:00:00,23.2,0.37,0.0,27,77
196,2024-01-09 04:00:00,20.7,0.34,0.0,27,77
197,2024-01-09 05:00:00,20.0,0.33,1.0,27,79
198,2024-01-09 06:00:00,21.1,0.38,3.0,27,79
199,2024-01-09 07:00:00,23.3,0.59,8.0,27,76
200,2024-01-09 08:00:00,24.7,0.46,4.0,29,68
201,2024-01-09 09:00:00,24.0,0.47,2.0,30,64
202,2024-01-09 10:00:00,24.7,0.5,5.29,32,57
203,2024-01-09 11:00:00,21.7,0.49,4.0,33,54
204,2024-01-09 12:00:00,25.1,0.5,4.0,34,49
205,2024-01-09 13:00:00,26.6,0.52,3.0,34,48
206,2024-01-09 14:00:00,29.7,0.51,5.0,35,47
207,2024-01-09 15:00:00,27.5,0.47,5.0,35,47
208,2024-01-09 16:00:00,28.3,0.55,7.0,35,47
209,2024-01-09 17:00:00,29.8,0.55,12.0,33,54
210,2024-01-09 18:00:00,31.6,0.59,13.0,31,60
211,2024-01-09 19:00:00,29.4,0.56,10.0,30,66
212,2024-01-09 20:00:00,34.8,0.57,9.0,30,67
213,2024-01-09 21:00:00,30.4,0.52,6.0,29,71
214,2024-01-09 22:00:00,30.7,0.47,5.0,29,74
215,2024-01-09 23:00:00,29.0,0.42,3.0,29,74
216,2024-01-10 00:00:00,27.0,0.42,1.0,29,76
217,2024-01-10 01:00:00,26.9,0.43,2.0,28,76
218,2024-01-10 02:00:00,29.2,0.44,1.0,28,80
219,2024-01-10 03:00:00,32.3,0.46,1.0,28,83
220,2024-01-10 04:00:00,32.8,0.49,0.0,28,81
221,2024-01-10 05:00:00,37.5,0.48,0.0,27,81
222,2024-01-10 06:00:00,35.9,0.44,1.0,27,81
223,2024-01-10 07:00:00,33.0,0.52,6.0,28,80
224,2024-01-10 08:00:00,34.7,0.53,3.0,29,73
225,2024-01-10 09:00:00,31.6,0.5,2.0,31,65
226,2024-01-10 10:00:00,29.6,0.5,5.0,32,60
227,2024-01-10 11:00:00,22.3,0.5,5.29,33,57
228,2024-01-10 12:00:00,27.6,0.46,3.0,32,59
229,2024-01-10 13:00:00,45.5,0.56,4.0,32,61
230,2024-01-10 14:00:00,32.4,0.54,8.0,34,53
231,2024-01-10 15:00:00,36.0,0.52,5.0,34,53
232,2024-01-10 16:00:00,34.4,0.55,7.0,34,52
233,2024-01-10 17:00:00,33.4,0.54,10.0,32,56
234,2024-01-10 18:00:00,29.7,0.57,12.0,31,63
235,2024-01-10 19:00:00,33.8,0.69,18.0,30,71
236,2024-01-10 20:00:00,37.2,0.65,14.0,30,73
237,2024-01-10 21:00:00,38.2,0.58,7.0,30,72
238,2024-01-10 22:00:00,38.4,0.46,3.0,30,71
239,2024-01-10 23:00:00,29.0,0.36,1.0,29,72
240,2024-01-11 00:00:00,29.6,0.32,1.0,28,75
241,2024-01-11 01:00:00,24.0,0.31,0.0,28,76
242,2024-01-11 02:00:00,25.2,0.33,0.0,28,79
243,2024-01-11 03:00:00,24.4,0.32,0.0,27,81
244,2024-01-11 04:00:00,23.0,0.38,2.0,27,84
245,2024-01-11 05:00:00,23.9,0.33,0.0,27,82
246,2024-01-11 06:00:00,24.2,0.34,2.0,27,81
247,2024-01-11 07:00:00,22.8,0.53,8.0,27,78
248,2024-01-11 08:00:00,23.8,0.41,3.0,30,65
249,2024-01-11 09:00:00,20.4,0.41,3.0,32,59
250,2024-01-11 10:00:00,25.6,0.43,4.0,32,56
251,2024-01-11 11:00:00,28.0,0.4,4.0,34,52
252,2024-01-11 12:00:00,20.4,0.5,5.29,34,50
253,2024-01-11 13:00:00,25.5,0.4,4.0,35,48
254,2024-01-11 14:00:00,29.7,0.4,3.0,36,44
255,2024-01-11 15:00:00,24.9,0.4,3.0,36,43
256,2024-01-11 16:00:00,23.4,0.42,5.0,36,44
257,2024-01-11 17:00:00,22.9,0.42,7.0,34,48
258,2024-01-11 18:00:00,24.2,0.53,14.0,32,58
259,2024-01-11 19:00:00,30.7,0.58,15.0,30,67
260,2024-01-11 20:00:00,34.3,0.59,12.0,30,71
261,2024-01-11 21:00:00,36.1,0.6,12.0,29,73
262,2024-01-11 22:00:00,37.9,0.54,9.0,29,75
263,2024-01-11 23:00:00,32.5,0.38,3.0,29,72
264,2024-01-12 00:00:00,28.2,0.32,1.0,28,72
265,2024-01-12 01:00:00,25.5,0.3,0.0,28,74
266,2024-01-12 02:00:00,27.3,0.37,0.0,27,76
267,2024-01-12 03:00:00,28.1,0.41,2.0,27,78
268,2024-01-12 04:00:00,26.9,0.39,0.0,27,76
269,2024-01-12 05:00:00,25.2,0.39,4.0,27,76
270,2024-01-12 06:00:00,24.3,0.37,4.0,27,74
271,2024-01-12 07:00:00,22.3,0.48,7.0,28,72
272,2024-01-12 08:00:00,25.9,0.46,5.0,29,68
273,2024-01-12 09:00:00,22.4,0.47,5.0,30,66
274,2024-01-12 10:00:00,22.8,0.42,3.0,30,64
275,2024-01-12 11:00:00,22.7,0.44,13.0,32,57
276,2024-01-12 12:00:00,25.4,0.44,5.0,34,51
277,2024-01-12 13:00:00,21.4,0.5,5.29,33,54
278,2024-01-12 14:00:00,24.4,0.43,4.0,35,47
279,2024-01-12 15:00:00,23.6,0.45,5.0,34,49
280,2024-01-12 16:00:00,25.5,0.51,8.0,33,53
281,2024-01-12 17:00:00,27.3,0.49,8.0,32,60
282,2024-01-12 18:00:00,28.7,0.55,13.0,30,66
283,2024-01-12 19:00:00,34.6,0.58,16.0,29,70
284,2024-01-12 20:00:00,30.4,0.51,14.0,29,71
285,2024-01-12 21:00:00,28.0,0.59,16.0,29,71
286,2024-01-12 22:00:00,28.3,0.54,13.0,29,71
287,2024-01-12 23:00:00,27.6,0.48,11.0,28,73
288,2024-01-13 00:00:00,31.8,0.49,11.0,28,78
289,2024-01-13 01:00:00,29.3,0.45,9.0,27,82
290,2024-01-13 02:00:00,30.8,0.51,8.0,27,85
291,2024-01-13 03:00:00,32.5,0.37,2.0,27,87
292,2024-01-13 04:00:00,24.2,0.38,2.0,27,83
293,2024-01-13 05:00:00,25.9,0.38,4.0,26,84
294,2024-01-13 06:00:00,26.8,0.46,9.0,26,87
295,2024-01-13 07:00:00,26.8,0.55,10.0,27,79
296,2024-01-13 08:00:00,29.6,0.45,7.0,29,70
297,2024-01-13 09:00:00,31.7,0.49,12.0,31,63
298,2024-01-13 10:00:00,30.5,0.47,6.0,31,61
299,2024-01-13 11:00:00,34.1,0.44,5.0,31,58
300,2024-01-13 12:00:00,28.2,0.44,4.0,33,52
301,2024-01-13 13:00:00,29.0,0.44,5.0,33,52
302,2024-01-13 14:00:00,29.8,0.5,5.29,34,50
303,2024-01-13 15:00:00,26.3,0.48,4.0,35,46
304,2024-01-13 16:00:00,26.4,0.45,4.0,35,45
305,2024-01-13 17:00:00,30.1,0.44,6.0,33,50
306,2024-01-13 18:00:00,28.0,0.52,9.0,31,64
307,2024-01-13 19:00:00,34.2,0.58,12.0,30,71
308,2024-01-13 20:00:00,38.0,0.53,10.0,29,73
309,2024-01-13 21:00:00,27.7,0.56,13.0,29,74
310,2024-01-13 22:00:00,35.1,0.59,15.0,29,75
311,2024-01-13 23:00:00,33.6,0.43,3.0,28,68
312,2024-01-14 00:00:00,24.2,0.39,2.0,28,66
313,2024-01-14 01:00:00,25.7,0.5,5.29,28,68
314,2024-01-14 02:00:00,28.1,0.39,0.0,27,67
315,2024-01-14 03:00:00,27.0,0.45,0.0,27,71
316,2024-01-14 04:00:00,24.6,0.41,0.0,27,75
317,2024-01-14 05:00:00,24.8,0.42,2.0,26,76
318,2024-01-14 06:00:00,26.9,0.38,2.0,26,76
319,2024-01-14 07:00:00,25.8,0.43,5.0,27,75
320,2024-01-14 08:00:00,30.7,0.48,4.0,29,66
321,2024-01-14 09:00:00,28.0,0.49,2.0,30,61
322,2024-01-14 10:00:00,43.8,0.48,3.0,32,55
323,2024-01-14 11:00:00,27.9,0.47,3.0,32,54
324,2024-01-14 12:00:00,31.8,0.49,4.0,33,53
325,2024-01-14 13:00:00,31.8,0.48,5.0,33,55
326,2024-01-14 14:00:00,33.9,0.45,1.0,32,57
327,2024-01-14 15:00:00,28.5,0.5,5.29,33,56
328,2024-01-14 16:00:00,28.9,0.46,2.0,33,54
329,2024-01-14 17:00:00,29.3,0.52,6.0,31,62
330,2024-01-14 18:00:00,31.7,0.65,10.0,30,64
331,2024-01-14 19:00:00,36.6,0.73,11.0,29,69
332,2024-01-14 20:00:00,47.6,0.64,11.0,29,68
333,2024-01-14 21:00:00,50.4,0.55,6.0,29,62
334,2024-01-14 22:00:00,41.3,0.57,15.0,29,64
335,2024-01-14 23:00:00,32.0,0.45,8.0,28,68
336,2024-01-15 00:00:00,35.5,0.41,2.0,27,71
337,2024-01-15 01:00:00,31.0,0.38,1.0,27,74
338,2024-01-15 02:00:00,32.8,0.42,0.0,27,76
339,2024-01-15 03:00:00,30.3,0.46,1.0,27,78
340,2024-01-15 04:00:00,26.7,0.39,0.0,26,78
341,2024-01-15 05:00:00,28.9,0.35,1.0,26,77
342,2024-01-15 06:00:00,29.4,0.42,4.0,26,78
343,2024-01-15 07:00:00,32.4,0.56,12.0,27,76
344,2024-01-15 08:00:00,35.6,0.54,6.0,29,69
345,2024-01-15 09:00:00,36.9,0.52,4.0,30,59
346,2024-01-15 10:00:00,31.4,0.49,4.0,32,54
347,2024-01-15 11:00:00,26.8,0.44,5.0,33,52
348,2024-01-15 12:00:00,27.6,0.43,4.0,33,51
349,2024-01-15 13:00:00,29.1,0.51,6.0,35,47
350,2024-01-15 14:00:00,28.9,0.49,5.0,35,45
351,2024-01-15 15:00:00,28.5,0.5,5.0,35,44
352,2024-01-15 16:00:00,27.1,0.5,5.29,35,44
353,2024-01-15 17:00:00,32.8,0.51,8.0,33,49
354,2024-01-15 18:00:00,30.8,0.6,13.0,32,56
355,2024-01-15 19:00:00,33.1,0.58,10.0,31,61
356,2024-01-15 20:00:00,38.6,0.57,9.0,30,64
357,2024-01-15 21:00:00,36.3,1.06,13.0,30,67
358,2024-01-15 22:00:00,36.2,0.51,5.0,29,66
359,2024-01-15 23:00:00,40.7,0.46,3.0,29,66
360,2024-01-16 00:00:00,35.6,0.47,1.0,29,69
361,2024-01-16 01:00:00,36.6,0.37,1.0,28,69
362,2024-01-16 02:00:00,23.2,0.38,0.0,27,70
363,2024-01-16 03:00:00,18.3,0.41,5.29,27,71
364,2024-01-16 04:00:00,17.5,0.43,0.0,27,72
365,2024-01-16 05:00:00,22.9,0.39,1.0,27,73
366,2024-01-16 06:00:00,23.3,0.45,5.0,27,76
367,2024-01-16 07:00:00,22.9,0.55,8.0,28,74
368,2024-01-16 08:00:00,31.1,0.58,8.0,30,64
369,2024-01-16 09:00:00,32.7,0.55,5.0,31,59
370,2024-01-16 10:00:00,27.3,0.52,4.0,33,53
371,2024-01-16 11:00:00,31.1,0.47,5.0,33,51
372,2024-01-16 12:00:00,31.0,0.48,5.0,34,49
373,2024-01-16 13:00:00,33.0,0.53,5.0,34,49
374,2024-01-16 14:00:00,34.4,0.49,6.0,35,47
375,2024-01-16 15:00:00,30.2,0.52,6.0,35,47
376,2024-01-16 16:00:00,28.3,0.5,6.0,34,52
377,2024-01-16 17:00:00,31.4,0.5,5.29,32,54
378,2024-01-16 18:00:00,23.3,0.51,7.0,31,60
379,2024-01-16 19:00:00,20.2,0.47,5.0,30,60
380,2024-01-16 20:00:00,23.2,0.49,4.0,29,73
381,2024-01-16 21:00:00,26.2,0.49,3.0,28,77
382,2024-01-16 22:00:00,21.0,0.45,2.0,28,78
383,2024-01-16 23:00:00,27.0,0.39,1.0,28,77
384,2024-01-17 00:00:00,27.6,0.44,1.0,28,78
385,2024-01-17 01:00:00,32.4,0.46,0.0,28,78
386,2024-01-17 02:00:00,38.8,0.49,0.0,28,78
387,2024-01-17 03:00:00,35.6,0.52,0.0,27,76
388,2024-01-17 04:00:00,32.6,0.48,0.0,27,73
389,2024-01-17 05:00:00,33.0,0.42,0.0,27,72
390,2024-01-17 06:00:00,30.6,0.43,2.0,27,73
391,2024-01-17 07:00:00,33.0,0.52,5.0,28,73
392,2024-01-17 08:00:00,32.7,0.5,5.0,29,68
393,2024-01-17 09:00:00,30.9,0.44,4.0,31,61
394,2024-01-17 10:00:00,28.8,0.39,4.0,32,58
395,2024-01-17 11:00:00,27.1,0.39,3.0,32,58
396,2024-01-17 12:00:00,20.3,0.42,2.0,33,52
397,2024-01-17 13:00:00,19.6,0.43,3.0,35,46
398,2024-01-17 14:00:00,20.8,0.39,4.0,35,48
399,2024-01-17 15:00:00,18.7,0.42,3.0,33,58
400,2024-01-17 16:00:00,18.2,0.4,4.0,34,56
401,2024-01-17 17:00:00,16.2,0.37,4.0,32,60
402,2024-01-17 18:00:00,18.8,0.5,5.29,30,64
403,2024-01-17 19:00:00,20.5,0.52,9.0,30,64
404,2024-01-17 20:00:00,21.0,0.44,8.0,29,67
405,2024-01-17 21:00:00,24.2,0.65,10.0,29,69
406,2024-01-17 22:00:00,24.8,0.48,5.0,29,72
407,2024-01-17 23:00:00,23.3,0.37,2.0,29,72
408,2024-01-18 00:00:00,29.6,0.37,0.0,29,71
409,2024-01-18 01:00:00,26.7,0.39,0.0,28,73
410,2024-01-18 02:00:00,27.3,0.41,5.29,28,74
411,2024-01-18 03:00:00,35.3,0.41,0.0,28,76
412,2024-01-18 04:00:00,30.7,0.4,0.0,27,77
413,2024-01-18 05:00:00,29.5,0.37,1.0,27,79
414,2024-01-18 06:00:00,30.7,0.42,5.0,27,81
415,2024-01-18 07:00:00,28.9,0.65,14.0,28,77
416,2024-01-18 08:00:00,27.2,0.5,6.0,30,65
417,2024-01-18 09:00:00,32.4,0.51,9.0,31,58
418,2024-01-18 10:00:00,32.2,0.47,5.0,32,54
444,2024-01-19 12:00:00,19.0,0.38,3.0,33,55
445,2024-01-19 13:00:00,22.2,0.43,3.0,34,49
446,2024-01-19 14:00:00,20.7,0.42,5.0,34,51
447,2024-01-19 15:00:00,22.9,0.49,6.0,35,49
448,2024-01-19 16:00:00,22.9,0.51,7.0,34,49
593,2024-01-25 17:00:00,12.1,0.5,7.0,32,57
594,2024-01-25 18:00:00,15.5,0.51,5.0,30,63
595,2024-01-25 19:00:00,26.2,0.47,4.0,30,66
596,2024-01-25 20:00:00,20.8,0.43,2.0,29,68
597,2024-01-25 21:00:00,21.9,0.4,1.0,29,69
598,2024-01-25 22:00:00,22.3,0.36,1.0,29,70
599,2024-01-25 23:00:00,23.3,0.36,0.0,28,71
600,2024-01-26 00:00:00,16.4,0.36,5.29,28,72
601,2024-01-26 01:00:00,25.5,0.38,5.29,28,73
602,2024-01-26 02:00:00,20.1,0.5,5.29,28,73
603,2024-01-26 03:00:00,19.1,0.37,5.29,28,73
604,2024-01-26 04:00:00,21.2,0.33,5.29,28,71
605,2024-01-26 05:00:00,21.1,0.34,5.29,28,69
606,2024-01-26 06:00:00,18.2,0.36,0.0,28,68
607,2024-01-26 07:00:00,20.7,0.51,4.0,28,68
608,2024-01-26 08:00:00,21.2,0.48,4.0,29,64
609,2024-01-26 09:00:00,23.0,0.49,3.0,30,61
610,2024-01-26 10:00:00,19.4,0.44,4.0,31,58
611,2024-01-26 11:00:00,19.1,0.51,5.0,33,51
612,2024-01-26 12:00:00,21.1,0.51,4.0,34,46
613,2024-01-26 13:00:00,22.3,0.47,4.0,35,45
614,2024-01-26 14:00:00,21.7,0.45,5.0,34,47
615,2024-01-26 15:00:00,19.5,0.47,7.0,33,49
616,2024-01-26 16:00:00,19.5,0.47,6.0,34,46
617,2024-01-26 17:00:00,17.5,0.57,8.0,32,54
618,2024-01-26 18:00:00,24.1,0.56,9.0,31,56
619,2024-01-26 19:00:00,34.0,0.58,11.0,30,59
620,2024-01-26 20:00:00,28.8,0.51,3.0,30,60
621,2024-01-26 21:00:00,28.4,0.48,5.0,29,62
622,2024-01-26 22:00:00,27.6,0.37,2.0,29,65
623,2024-01-26 23:00:00,24.1,0.38,0.0,28,67
624,2024-01-27 00:00:00,26.4,0.4,0.0,28,69
625,2024-01-27 01:00:00,25.0,0.38,5.29,28,71
626,2024-01-27 02:00:00,24.4,0.41,0.0,27,74
627,2024-01-27 03:00:00,22.9,0.5,5.29,27,76
628,2024-01-27 04:00:00,20.1,0.35,5.29,27,76
629,2024-01-27 05:00:00,22.1,0.33,0.0,27,74
630,2024-01-27 06:00:00,23.8,0.34,0.0,27,72
631,2024-01-27 07:00:00,23.4,0.44,2.0,28,69
632,2024-01-27 08:00:00,22.9,0.45,3.0,29,63
633,2024-01-27 09:00:00,22.8,0.41,3.0,31,60
634,2024-01-27 10:00:00,24.7,0.41,5.0,32,55
635,2024-01-27 11:00:00,23.2,0.47,3.0,33,53
636,2024-01-27 12:00:00,21.1,0.46,2.0,34,49
637,2024-01-27 13:00:00,20.6,0.41,3.0,35,46
638,2024-01-27 14:00:00,22.0,0.45,5.0,35,46
639,2024-01-27 15:00:00,22.7,0.46,9.0,35,45
640,2024-01-27 16:00:00,22.6,0.47,5.0,35,46
641,2024-01-27 17:00:00,20.7,0.55,7.0,33,51
642,2024-01-27 18:00:00,25.9,0.52,7.0,31,54
643,2024-01-27 19:00:00,27.6,0.49,5.0,30,56
644,2024-01-27 20:00:00,29.1,0.53,3.0,30,59
645,2024-01-27 21:00:00,31.1,0.48,3.0,29,61
646,2024-01-27 22:00:00,30.9,0.41,2.0,29,66
647,2024-01-27 23:00:00,28.8,0.39,1.0,28,68
648,2024-01-28 00:00:00,25.1,0.38,0.0,28,68
649,2024-01-28 01:00:00,22.9,0.41,5.29,27,70
650,2024-01-28 02:00:00,20.9,0.4,5.29,27,72
651,2024-01-28 03:00:00,21.0,0.44,5.29,27,75
652,2024-01-28 04:00:00,21.4,0.5,5.29,27,75
653,2024-01-28 05:00:00,23.7,0.33,0.0,27,75
654,2024-01-28 06:00:00,27.7,0.36,2.0,26,76
655,2024-01-28 07:00:00,27.7,0.47,3.0,27,74
656,2024-01-28 08:00:00,27.3,0.44,2.0,29,66
657,2024-01-28 09:00:00,25.1,0.47,5.0,31,61
658,2024-01-28 10:00:00,23.4,0.42,3.0,32,57
659,2024-01-28 11:00:00,23.6,0.48,3.0,33,55
660,2024-01-28 12:00:00,25.2,0.46,2.0,32,58
661,2024-01-28 13:00:00,19.4,0.43,1.0,32,59
662,2024-01-28 14:00:00,21.9,0.44,1.0,33,57
663,2024-01-28 15:00:00,19.1,0.4,1.0,33,54
664,2024-01-28 16:00:00,20.9,0.39,1.0,33,53
665,2024-01-28 17:00:00,21.1,0.43,2.0,32,58
666,2024-01-28 18:00:00,23.2,0.47,6.0,30,66
667,2024-01-28 19:00:00,27.2,0.56,11.0,30,69
668,2024-01-28 20:00:00,27.3,0.5,6.0,30,59
669,2024-01-28 21:00:00,26.0,0.48,3.0,29,60
670,2024-01-28 22:00:00,26.4,0.46,8.0,29,62
671,2024-01-28 23:00:00,28.4,0.44,6.0,28,63
672,2024-01-29 00:00:00,28.5,0.42,0.0,28,68
673,2024-01-29 01:00:00,24.8,0.4,5.29,28,70
674,2024-01-29 02:00:00,27.6,0.4,5.29,27,70
675,2024-01-29 03:00:00,24.2,0.42,5.29,27,71
676,2024-01-29 04:00:00,25.0,0.35,5.29,27,72
677,2024-01-29 05:00:00,22.1,0.5,5.29,27,73
678,2024-01-29 06:00:00,24.4,0.39,1.0,27,73
679,2024-01-29 07:00:00,25.4,0.52,5.0,27,71
680,2024-01-29 08:00:00,21.1,0.45,4.0,29,63
681,2024-01-29 09:00:00,22.3,0.49,4.0,30,58
682,2024-01-29 10:00:00,21.0,0.45,4.0,31,55
683,2024-01-29 11:00:00,21.5,0.52,4.0,32,54
684,2024-01-29 12:00:00,22.7,0.49,3.0,33,49
685,2024-01-29 13:00:00,20.9,0.45,5.0,34,46
686,2024-01-29 14:00:00,18.3,0.46,5.0,34,51
687,2024-01-29 15:00:00,24.3,0.48,3.0,34,49
688,2024-01-29 16:00:00,20.0,0.48,4.0,34,53
689,2024-01-29 17:00:00,23.1,0.48,4.0,32,62
690,2024-01-29 18:00:00,26.1,0.54,9.0,30,60
691,2024-01-29 19:00:00,24.4,0.51,6.0,31,51
692,2024-01-29 20:00:00,25.6,0.49,3.0,30,57
693,2024-01-29 21:00:00,23.9,0.45,2.0,29,61
694,2024-01-29 22:00:00,25.1,0.37,1.0,29,60
695,2024-01-29 23:00:00,30.1,0.38,1.0,28,63
696,2024-01-30 00:00:00,17.4,0.36,0.0,28,66
697,2024-01-30 01:00:00,21.7,0.4,5.29,27,67
698,2024-01-30 02:00:00,21.8,0.39,5.29,27,67
699,2024-01-30 03:00:00,23.2,0.39,5.29,27,70
700,2024-01-30 04:00:00,21.3,0.34,5.29,27,72
701,2024-01-30 05:00:00,24.8,0.34,5.29,27,73
702,2024-01-30 06:00:00,21.8,0.5,5.29,27,74
703,2024-01-30 07:00:00,18.9,0.54,6.0,27,71
704,2024-01-30 08:00:00,21.7,0.53,4.0,29,66
705,2024-01-30 09:00:00,25.0,0.64,6.0,30,60
706,2024-01-30 10:00:00,22.2,0.45,4.0,32,56
707,2024-01-30 11:00:00,25.0,0.46,4.0,33,48
708,2024-01-30 12:00:00,18.9,0.49,5.0,34,43
709,2024-01-30 13:00:00,18.5,0.48,6.0,35,40
710,2024-01-30 14:00:00,22.1,0.48,5.0,36,38
711,2024-01-30 15:00:00,23.6,0.51,7.0,36,41
712,2024-01-30 16:00:00,23.8,0.51,5.0,35,47
713,2024-01-30 17:00:00,26.0,0.53,4.0,33,56
714,2024-01-30 18:00:00,23.3,0.52,6.0,30,68
715,2024-01-30 19:00:00,19.9,0.5,7.0,29,74
716,2024-01-30 20:00:00,25.1,0.51,7.0,30,64
717,2024-01-30 21:00:00,27.7,0.46,3.0,30,54
718,2024-01-30 22:00:00,27.5,0.4,1.0,29,59
719,2024-01-30 23:00:00,25.4,0.39,0.0,28,65
720,2024-01-31 00:00:00,26.9,0.41,0.0,28,68
721,2024-01-31 01:00:00,26.0,0.42,0.0,27,72
722,2024-01-31 02:00:00,30.3,0.42,5.29,27,72
723,2024-01-31 03:00:00,24.4,0.41,0.0,27,70
724,2024-01-31 04:00:00,25.5,0.36,5.29,27,70
725,2024-01-31 05:00:00,22.2,0.34,0.0,27,70
726,2024-01-31 06:00:00,23.6,0.45,3.0,27,71
727,2024-01-31 07:00:00,26.0,0.5,5.29,27,69
728,2024-01-31 08:00:00,23.8,0.52,5.0,29,64
729,2024-01-31 09:00:00,25.9,0.5,4.0,30,59
730,2024-01-31 10:00:00,24.3,0.51,4.0,32,54
731,2024-01-31 11:00:00,26.8,0.54,4.0,33,50
732,2024-01-31 12:00:00,25.8,0.51,5.0,34,48
733,2024-01-31 13:00:00,31.2,0.5,6.0,34,47
734,2024-01-31 14:00:00,31.4,0.47,4.0,33,52
735,2024-01-31 15:00:00,23.9,0.44,2.0,33,50
736,2024-01-31 16:00:00,25.0,0.5,4.0,34,48
737,2024-01-31 17:00:00,26.9,0.54,10.0,33,52
738,2024-01-31 18:00:00,26.4,0.54,8.0,30,63
739,2024-01-31 19:00:00,28.1,0.54,7.0,29,68
740,2024-01-31 20:00:00,28.5,0.57,12.0,29,70
741,2024-01-31 21:00:00,36.7,0.51,8.0,29,70
742,2024-01-31 22:00:00,27.8,0.49,8.0,29,70
743,2024-01-31 23:00:00,30.8,0.48,4.0,28,72
744,2024-02-01 00:00:00,24.6,0.41,1.0,28,68
745,2024-02-01 01:00:00,23.4,0.42,1.0,27,70
746,2024-02-01 02:00:00,26.0,0.45,2.0,27,72
747,2024-02-01 03:00:00,22.9,0.4,4.0,27,72
748,2024-02-01 04:00:00,23.7,0.39,2.0,27,76
749,2024-02-01 05:00:00,24.6,0.38,0.0,27,78
750,2024-02-01 06:00:00,25.2,0.43,2.0,27,78
751,2024-02-01 07:00:00,26.1,0.57,5.0,27,72
752,2024-02-01 08:00:00,24.1,0.5,5.29,30,60
753,2024-02-01 09:00:00,26.0,0.52,8.0,31,55
754,2024-02-01 10:00:00,24.8,0.47,5.0,32,50
755,2024-02-01 11:00:00,32.1,0.47,5.0,33,49
756,2024-02-01 12:00:00,27.7,0.5,5.0,34,47
757,2024-02-01 13:00:00,27.9,0.52,5.0,35,44
758,2024-02-01 14:00:00,30.3,0.5,6.0,36,43
759,2024-02-01 15:00:00,32.0,0.51,6.0,36,41
760,2024-02-01 16:00:00,28.6,0.57,10.0,36,39
761,2024-02-01 17:00:00,30.7,0.64,9.0,35,45
762,2024-02-01 18:00:00,33.6,0.59,10.0,32,53
763,2024-02-01 19:00:00,28.4,0.77,21.0,31,55
764,2024-02-01 20:00:00,40.8,0.85,21.0,30,62
765,2024-02-01 21:00:00,44.5,0.77,21.0,29,67
766,2024-02-01 22:00:00,45.6,0.75,23.0,28,71
767,2024-02-01 23:00:00,38.0,0.57,13.0,28,69
768,2024-02-02 00:00:00,34.4,0.48,2.0,28,64
769,2024-02-02 01:00:00,29.1,0.46,2.0,28,64
770,2024-02-02 02:00:00,28.1,0.46,4.0,27,69
771,2024-02-02 03:00:00,26.1,0.47,8.0,27,75
772,2024-02-02 04:00:00,34.4,0.49,8.0,26,80
773,2024-02-02 05:00:00,29.3,0.5,9.0,26,82
774,2024-02-02 06:00:00,33.3,0.68,12.0,26,82
775,2024-02-02 07:00:00,33.9,1.05,19.0,26,80
776,2024-02-02 08:00:00,37.8,0.61,9.0,30,63
777,2024-02-02 09:00:00,33.9,0.5,5.29,31,54
778,2024-02-02 10:00:00,28.2,0.57,8.0,32,51
779,2024-02-02 11:00:00,26.7,0.57,6.0,33,50
780,2024-02-02 12:00:00,31.1,0.51,5.0,34,46
781,2024-02-02 13:00:00,28.3,0.52,5.0,35,48
782,2024-02-02 14:00:00,29.8,0.53,5.0,35,44
783,2024-02-02 15:00:00,27.9,0.48,5.0,36,41
784,2024-02-02 16:00:00,27.1,0.55,5.0,34,48
785,2024-02-02 17:00:00,25.7,0.64,13.0,33,54
786,2024-02-02 18:00:00,30.4,0.7,16.0,30,62
787,2024-02-02 19:00:00,33.8,0.67,14.0,30,66
788,2024-02-02 20:00:00,41.2,0.67,15.0,29,68
789,2024-02-02 21:00:00,36.2,0.61,11.0,29,69
790,2024-02-02 22:00:00,36.2,0.58,11.0,29,72
791,2024-02-02 23:00:00,34.2,0.56,9.0,29,71
792,2024-02-03 00:00:00,34.6,0.64,13.0,28,75
793,2024-02-03 01:00:00,33.5,0.64,9.0,28,77
794,2024-02-03 02:00:00,35.6,0.6,8.0,27,82
795,2024-02-03 03:00:00,32.3,0.46,4.0,27,82
796,2024-02-03 04:00:00,32.0,0.42,1.0,28,81
797,2024-02-03 05:00:00,26.4,0.4,2.0,27,81
798,2024-02-03 06:00:00,27.9,0.54,5.0,26,85
799,2024-02-03 07:00:00,28.2,0.62,6.0,27,80
800,2024-02-03 08:00:00,30.0,0.51,4.0,29,69
801,2024-02-03 09:00:00,26.6,0.54,4.0,31,60
802,2024-02-03 10:00:00,26.0,0.5,5.29,32,55
803,2024-02-03 11:00:00,30.2,0.49,3.0,33,52
804,2024-02-03 12:00:00,23.0,0.48,4.0,34,50
805,2024-02-03 13:00:00,27.0,0.51,3.0,34,49
806,2024-02-03 14:00:00,31.8,0.46,2.0,33,54
807,2024-02-03 15:00:00,26.3,0.46,3.0,34,49
808,2024-02-03 16:00:00,28.8,0.55,6.0,35,47
809,2024-02-03 17:00:00,29.2,0.55,7.0,33,54
810,2024-02-03 18:00:00,25.2,0.61,9.0,30,65
811,2024-02-03 19:00:00,29.3,0.85,26.0,30,70
812,2024-02-03 20:00:00,30.5,0.65,13.0,29,72
813,2024-02-03 21:00:00,26.8,0.57,12.0,29,71
814,2024-02-03 22:00:00,27.3,0.54,9.0,29,70
815,2024-02-03 23:00:00,28.5,0.55,9.0,29,73
816,2024-02-04 00:00:00,28.8,0.58,8.0,28,77
817,2024-02-04 01:00:00,28.3,0.59,9.0,28,84
818,2024-02-04 02:00:00,31.6,0.54,3.0,27,84
819,2024-02-04 03:00:00,31.3,0.45,4.0,27,84
820,2024-02-04 04:00:00,30.3,0.45,3.0,27,86
821,2024-02-04 05:00:00,31.8,0.53,13.0,27,89
822,2024-02-04 06:00:00,28.6,0.68,12.0,26,91
823,2024-02-04 07:00:00,33.2,0.7,11.0,27,86
824,2024-02-04 08:00:00,34.3,0.53,4.0,30,69
825,2024-02-04 09:00:00,32.5,0.51,4.0,31,59
826,2024-02-04 10:00:00,27.1,0.56,10.0,32,54
827,2024-02-04 11:00:00,28.6,0.5,5.29,33,51
828,2024-02-04 12:00:00,27.1,0.47,6.0,34,46
829,2024-02-04 13:00:00,23.5,0.5,6.0,36,42
830,2024-02-04 14:00:00,27.9,0.51,5.0,36,39
831,2024-02-04 15:00:00,29.8,0.5,5.0,36,39
832,2024-02-04 16:00:00,29.4,0.79,6.0,33,54
833,2024-02-04 17:00:00,40.4,0.93,10.0,32,59
834,2024-02-04 18:00:00,42.8,0.96,13.0,30,68
835,2024-02-04 19:00:00,51.1,1.04,17.0,30,71
836,2024-02-04 20:00:00,65.6,1.03,16.0,30,70
837,2024-02-04 21:00:00,63.3,0.79,11.0,29,71
838,2024-02-04 22:00:00,40.4,0.72,17.0,29,74
839,2024-02-04 23:00:00,40.3,0.63,13.0,29,75
840,2024-02-05 00:00:00,38.0,0.56,5.0,29,74
841,2024-02-05 01:00:00,35.3,0.57,3.0,29,71
842,2024-02-05 02:00:00,41.9,0.62,4.0,28,74
843,2024-02-05 03:00:00,37.2,0.67,4.0,28,75
844,2024-02-05 04:00:00,38.1,0.71,6.0,27,78
845,2024-02-05 05:00:00,38.4,0.68,8.0,27,80
846,2024-02-05 06:00:00,43.6,0.75,15.0,27,83
847,2024-02-05 07:00:00,40.7,0.93,18.0,28,82
848,2024-02-05 08:00:00,40.4,0.72,11.0,29,68
849,2024-02-05 09:00:00,39.7,0.6,8.0,31,62
850,2024-02-05 10:00:00,36.1,0.68,8.0,33,54
851,2024-02-05 11:00:00,33.7,0.61,6.0,33,53
852,2024-02-05 12:00:00,33.4,0.5,5.29,33,51
853,2024-02-05 13:00:00,32.9,0.58,4.0,34,51
854,2024-02-05 14:00:00,35.9,0.57,5.0,34,51
855,2024-02-05 15:00:00,31.6,0.56,7.0,35,50
856,2024-02-05 16:00:00,37.5,0.71,13.0,33,57
857,2024-02-05 17:00:00,38.8,0.73,13.0,32,59
858,2024-02-05 18:00:00,38.7,0.68,12.0,30,67
859,2024-02-05 19:00:00,39.4,0.68,9.0,29,68
860,2024-02-05 20:00:00,36.2,0.67,11.0,29,66
861,2024-02-05 21:00:00,33.8,0.53,9.0,29,69
862,2024-02-05 22:00:00,29.1,0.56,10.0,29,68
863,2024-02-05 23:00:00,26.0,0.58,8.0,29,71
864,2024-02-06 00:00:00,28.8,0.64,9.0,29,74
865,2024-02-06 01:00:00,28.3,0.55,8.0,28,78
866,2024-02-06 02:00:00,31.6,0.56,7.0,28,81
867,2024-02-06 03:00:00,29.1,0.52,7.0,27,82
868,2024-02-06 04:00:00,32.9,0.5,5.0,27,83
869,2024-02-06 05:00:00,29.5,0.53,6.0,27,82
870,2024-02-06 06:00:00,33.1,0.67,11.0,27,84
871,2024-02-06 07:00:00,33.9,0.98,18.0,27,81
872,2024-02-06 08:00:00,38.1,0.85,15.0,29,73
873,2024-02-06 09:00:00,41.1,0.63,5.0,32,66
874,2024-02-06 10:00:00,37.9,0.64,7.0,31,69
875,2024-02-06 11:00:00,39.1,0.61,4.0,31,70
876,2024-02-06 12:00:00,37.3,0.57,3.0,32,64
877,2024-02-06 13:00:00,31.7,0.5,5.29,33,60
878,2024-02-06 14:00:00,35.4,0.53,4.0,33,59
879,2024-02-06 15:00:00,35.2,0.59,8.0,33,58
880,2024-02-06 16:00:00,41.2,0.73,12.0,33,57
881,2024-02-06 17:00:00,41.7,0.78,16.0,32,61
882,2024-02-06 18:00:00,43.9,0.75,16.0,30,67
883,2024-02-06 19:00:00,41.5,0.73,13.0,30,69
884,2024-02-06 20:00:00,37.2,0.7,12.0,29,70
885,2024-02-06 21:00:00,43.8,0.59,9.0,29,74
886,2024-02-06 22:00:00,42.8,0.57,5.0,29,75
887,2024-02-06 23:00:00,42.8,0.55,3.0,29,76
888,2024-02-07 00:00:00,47.2,0.54,4.0,29,77
889,2024-02-07 01:00:00,43.2,0.53,5.0,29,75
890,2024-02-07 02:00:00,41.8,0.59,6.0,28,79
891,2024-02-07 03:00:00,43.1,0.51,5.0,28,81
892,2024-02-07 04:00:00,40.6,0.49,4.0,28,79
893,2024-02-07 05:00:00,41.2,0.57,8.0,28,82
894,2024-02-07 06:00:00,58.6,0.79,17.0,27,86
895,2024-02-07 07:00:00,43.4,0.9,16.0,28,76
896,2024-02-07 08:00:00,35.1,0.63,10.0,31,61
897,2024-02-07 09:00:00,31.3,0.49,5.0,31,58
898,2024-02-07 10:00:00,28.0,0.55,4.0,33,56
899,2024-02-07 11:00:00,26.0,0.55,7.0,34,52
900,2024-02-07 12:00:00,26.5,0.52,5.0,35,46
901,2024-02-07 13:00:00,31.5,0.53,6.0,36,39
902,2024-02-07 14:00:00,30.9,0.5,5.29,36,41
903,2024-02-07 15:00:00,36.6,0.55,7.0,37,38
904,2024-02-07 16:00:00,33.7,0.69,12.0,36,43
905,2024-02-07 17:00:00,36.0,0.78,13.0,33,60
906,2024-02-07 18:00:00,35.0,0.72,11.0,30,67
907,2024-02-07 19:00:00,37.9,0.74,12.0,30,70
908,2024-02-07 20:00:00,42.7,0.64,8.0,30,72
909,2024-02-07 21:00:00,41.1,0.56,7.0,30,73
910,2024-02-07 22:00:00,37.7,0.58,6.0,30,74
911,2024-02-07 23:00:00,41.4,0.56,6.0,29,75
912,2024-02-08 00:00:00,38.3,0.5,4.0,29,75
913,2024-02-08 01:00:00,40.2,0.53,5.0,29,78
914,2024-02-08 02:00:00,37.6,0.53,4.0,29,81
915,2024-02-08 03:00:00,39.2,0.51,5.0,28,84
916,2024-02-08 04:00:00,36.6,0.54,8.0,28,86
917,2024-02-08 05:00:00,42.2,0.63,10.0,27,88
918,2024-02-08 06:00:00,44.4,0.69,11.0,27,89
919,2024-02-08 07:00:00,35.7,0.9,15.0,28,86
920,2024-02-08 08:00:00,71.1,0.77,13.0,30,74
921,2024-02-08 09:00:00,27.59,0.53,6.0,32,64
922,2024-02-08 10:00:00,37.4,0.52,7.0,33,58
923,2024-02-08 11:00:00,30.4,0.55,7.0,34,54
924,2024-02-08 12:00:00,35.4,0.51,6.0,35,51
925,2024-02-08 13:00:00,35.2,0.53,6.0,36,46
926,2024-02-08 14:00:00,34.3,0.5,8.0,35,51
927,2024-02-08 15:00:00,30.1,0.5,5.29,33,60
928,2024-02-08 16:00:00,35.0,0.72,13.0,33,59
929,2024-02-08 17:00:00,33.2,0.73,14.0,32,59
930,2024-02-08 18:00:00,39.8,0.67,16.0,31,62
931,2024-02-08 19:00:00,35.1,0.63,12.0,30,64
932,2024-02-08 20:00:00,36.0,0.59,10.0,30,54
933,2024-02-08 21:00:00,24.4,0.53,11.0,30,48
934,2024-02-08 22:00:00,25.2,0.54,9.0,30,53
935,2024-02-08 23:00:00,24.7,0.51,7.0,30,57
936,2024-02-09 00:00:00,24.7,0.55,9.0,30,60
937,2024-02-09 01:00:00,29.2,0.55,6.0,29,64
938,2024-02-09 02:00:00,27.3,0.59,5.0,29,67
939,2024-02-09 03:00:00,31.6,0.53,10.0,28,72
940,2024-02-09 04:00:00,26.6,0.52,7.0,28,74
941,2024-02-09 05:00:00,24.4,0.55,7.0,28,76
942,2024-02-09 06:00:00,28.0,0.75,15.0,28,80
943,2024-02-09 07:00:00,33.2,0.79,14.0,28,80
944,2024-02-09 08:00:00,33.8,0.52,7.0,31,63
945,2024-02-09 09:00:00,26.7,0.48,4.0,32,58
946,2024-02-09 10:00:00,26.4,0.55,5.0,32,58
947,2024-02-09 11:00:00,28.1,0.52,5.0,33,55
948,2024-02-09 12:00:00,33.8,0.46,3.0,33,59
949,2024-02-09 13:00:00,29.5,0.47,3.0,33,56
950,2024-02-09 14:00:00,30.3,0.47,3.0,34,49
951,2024-02-09 15:00:00,32.5,0.52,5.0,35,47
952,2024-02-09 16:00:00,36.7,0.5,5.29,35,50
953,2024-02-09 17:00:00,39.9,0.61,10.0,32,60
954,2024-02-09 18:00:00,36.4,0.64,13.0,31,65
955,2024-02-09 19:00:00,39.4,0.64,15.0,30,72
956,2024-02-09 20:00:00,42.1,0.52,6.0,30,73
957,2024-02-09 21:00:00,36.4,0.52,14.0,30,73
958,2024-02-09 22:00:00,36.5,0.55,11.0,29,81
959,2024-02-09 23:00:00,38.8,0.47,3.0,29,77
960,2024-02-10 00:00:00,29.4,0.44,1.0,29,66
961,2024-02-10 01:00:00,34.8,0.39,0.0,28,67
962,2024-02-10 02:00:00,34.7,0.4,0.0,28,70
963,2024-02-10 03:00:00,27.3,0.33,5.29,28,71
964,2024-02-10 04:00:00,27.5,0.33,5.29,28,72
965,2024-02-10 05:00:00,27.7,0.36,1.0,27,76
966,2024-02-10 06:00:00,30.4,0.43,2.0,27,77
967,2024-02-10 07:00:00,27.4,0.42,2.0,28,73
968,2024-02-10 08:00:00,26.8,0.38,2.0,30,65
969,2024-02-10 09:00:00,24.8,0.39,2.0,31,61
970,2024-02-10 10:00:00,25.5,0.42,4.0,32,56
971,2024-02-10 11:00:00,25.5,0.43,8.0,33,51
972,2024-02-10 12:00:00,27.1,0.4,4.0,33,55
973,2024-02-10 13:00:00,25.9,0.4,2.0,32,60
974,2024-02-10 14:00:00,27.1,0.42,2.0,33,56
975,2024-02-10 15:00:00,26.4,0.45,3.0,34,52
976,2024-02-10 16:00:00,30.8,0.49,3.0,34,53
977,2024-02-10 17:00:00,30.3,0.5,5.29,33,57
978,2024-02-10 18:00:00,27.6,0.49,11.0,31,63
979,2024-02-10 19:00:00,30.9,0.59,5.0,31,56
980,2024-02-10 20:00:00,30.7,0.46,3.0,31,57
981,2024-02-10 21:00:00,30.9,0.43,3.0,30,61
982,2024-02-10 22:00:00,29.0,0.45,2.0,29,62
983,2024-02-10 23:00:00,29.8,0.42,1.0,29,61
984,2024-02-11 00:00:00,33.6,0.41,0.0,29,65
985,2024-02-11 01:00:00,31.6,0.4,0.0,28,66
986,2024-02-11 02:00:00,24.3,0.4,5.29,28,67
987,2024-02-11 03:00:00,28.3,0.38,5.29,28,66
988,2024-02-11 04:00:00,26.2,0.39,5.29,28,66
989,2024-02-11 05:00:00,23.3,0.43,5.29,28,69
990,2024-02-11 06:00:00,28.0,0.43,1.0,27,71
991,2024-02-11 07:00:00,25.9,0.51,3.0,28,71
992,2024-02-11 08:00:00,29.4,0.5,4.0,29,65
993,2024-02-11 09:00:00,28.2,0.5,4.0,31,61
994,2024-02-11 10:00:00,22.2,0.54,3.0,32,56
995,2024-02-11 11:00:00,18.5,0.51,3.0,32,54
996,2024-02-11 12:00:00,24.1,0.5,3.0,33,54
997,2024-02-11 13:00:00,31.0,0.51,4.0,34,49
998,2024-02-11 14:00:00,27.1,0.48,5.0,35,45
999,2024-02-11 15:00:00,25.3,0.56,3.0,35,42
1000,2024-02-11 16:00:00,28.2,0.6,3.0,35,43
1001,2024-02-11 17:00:00,31.0,0.52,5.0,33,49
1002,2024-02-11 18:00:00,34.5,0.5,5.29,31,51
1003,2024-02-11 19:00:00,35.1,0.53,5.0,30,53
1004,2024-02-11 20:00:00,36.8,0.5,5.0,30,55
1005,2024-02-11 21:00:00,33.4,0.46,5.0,29,59
1006,2024-02-11 22:00:00,32.3,0.55,8.0,29,61
1007,2024-02-11 23:00:00,25.6,0.5,4.0,28,64
1008,2024-02-12 00:00:00,30.9,0.46,0.0,28,66
1009,2024-02-12 01:00:00,28.6,0.46,5.29,28,68
1010,2024-02-12 02:00:00,24.6,0.46,5.29,27,70
1011,2024-02-12 03:00:00,22.8,0.43,0.0,27,71
1012,2024-02-12 04:00:00,29.5,0.41,5.29,27,72
1013,2024-02-12 05:00:00,27.8,0.46,0.0,27,74
1014,2024-02-12 06:00:00,31.4,0.51,2.0,27,74
1015,2024-02-12 07:00:00,28.9,0.68,9.0,27,72
1016,2024-02-12 08:00:00,29.3,0.53,6.0,29,65
1017,2024-02-12 09:00:00,30.1,0.56,5.0,31,61
1018,2024-02-12 10:00:00,28.2,0.56,5.0,31,57
1019,2024-02-12 11:00:00,33.0,0.59,6.0,32,55
1020,2024-02-12 12:00:00,30.5,0.61,4.0,33,49
1021,2024-02-12 13:00:00,32.3,0.56,6.0,35,44
1022,2024-02-12 14:00:00,31.3,0.56,8.0,36,40
1023,2024-02-12 15:00:00,31.2,0.61,6.0,35,43
1024,2024-02-12 16:00:00,34.7,0.72,12.0,33,52
1025,2024-02-12 17:00:00,30.3,0.7,16.0,32,56
1026,2024-02-12 18:00:00,36.8,0.67,12.0,31,53
1027,2024-02-12 19:00:00,36.0,0.5,5.29,30,57
1028,2024-02-12 20:00:00,33.8,0.65,25.0,29,67
1029,2024-02-12 21:00:00,32.3,0.68,26.0,29,67
1030,2024-02-12 22:00:00,34.1,0.62,14.0,29,64
1031,2024-02-12 23:00:00,35.2,0.6,10.0,28,67
1032,2024-02-13 00:00:00,33.0,0.55,5.0,27,70
1033,2024-02-13 01:00:00,32.3,0.54,2.0,27,71
1034,2024-02-13 02:00:00,33.9,0.54,1.0,27,69
1035,2024-02-13 03:00:00,23.8,0.48,1.0,27,68
1036,2024-02-13 04:00:00,27.9,0.47,0.0,27,69
1037,2024-02-13 05:00:00,26.8,0.51,1.0,27,72
1038,2024-02-13 06:00:00,26.5,0.56,3.0,27,72
1039,2024-02-13 07:00:00,26.5,0.65,5.0,27,71
1040,2024-02-13 08:00:00,26.2,0.58,6.0,29,63
1041,2024-02-13 09:00:00,25.0,0.58,4.0,31,58
1042,2024-02-13 10:00:00,24.9,0.58,4.0,32,55
1043,2024-02-13 11:00:00,25.7,0.55,4.0,33,52
1044,2024-02-13 12:00:00,24.1,0.55,3.0,34,47
1045,2024-02-13 13:00:00,21.9,0.55,3.0,35,42
1046,2024-02-13 14:00:00,22.2,0.53,4.0,36,40
1047,2024-02-13 15:00:00,24.9,0.62,8.0,36,39
1048,2024-02-13 16:00:00,25.6,0.64,7.0,35,42
1049,2024-02-13 17:00:00,23.8,0.61,8.0,34,48
1050,2024-02-13 18:00:00,28.0,0.66,10.0,32,52
1051,2024-02-13 19:00:00,31.2,0.64,5.0,31,50
1052,2024-02-13 20:00:00,32.1,0.5,5.29,31,52
1053,2024-02-13 21:00:00,29.5,0.58,5.0,30,57
1054,2024-02-13 22:00:00,30.8,0.59,2.0,29,59
1055,2024-02-13 23:00:00,32.9,0.57,1.0,29,62
1056,2024-02-14 00:00:00,33.5,0.54,0.0,28,67
1057,2024-02-14 01:00:00,29.2,0.5,5.29,28,71
1058,2024-02-14 02:00:00,32.4,0.51,0.0,28,71
1059,2024-02-14 03:00:00,33.5,0.52,0.0,27,72
1060,2024-02-14 04:00:00,35.9,0.53,0.0,27,72
1061,2024-02-14 05:00:00,36.2,0.56,0.0,27,73
1062,2024-02-14 06:00:00,42.9,0.63,2.0,27,72
1063,2024-02-14 07:00:00,35.6,0.79,11.0,28,71
1064,2024-02-14 08:00:00,36.3,0.6,6.0,30,62
1065,2024-02-14 09:00:00,31.8,0.57,6.0,31,59
1066,2024-02-14 10:00:00,24.1,0.72,8.0,33,54
1067,2024-02-14 11:00:00,32.4,0.53,4.0,33,52
1068,2024-02-14 12:00:00,22.1,0.52,4.0,34,49
1069,2024-02-14 13:00:00,26.3,0.53,4.0,35,48
1070,2024-02-14 14:00:00,21.2,0.52,7.0,36,46
1071,2024-02-14 15:00:00,24.1,0.56,5.0,36,46
1072,2024-02-14 16:00:00,26.5,0.55,7.0,35,46
1073,2024-02-14 17:00:00,23.7,0.54,10.0,35,47
1074,2024-02-14 18:00:00,24.4,0.54,8.0,32,53
1075,2024-02-14 19:00:00,25.3,0.59,8.0,32,57
1076,2024-02-14 20:00:00,22.6,0.49,7.0,31,60
1077,2024-02-14 21:00:00,25.2,0.5,5.29,30,61
1078,2024-02-14 22:00:00,26.2,0.46,3.0,29,64
1079,2024-02-14 23:00:00,20.0,0.48,5.0,29,66
1080,2024-02-15 00:00:00,23.0,0.44,0.0,29,69
1081,2024-02-15 01:00:00,24.3,0.46,0.0,28,71
1082,2024-02-15 02:00:00,24.8,0.38,5.29,28,74
1083,2024-02-15 03:00:00,24.9,0.38,0.0,28,73
1084,2024-02-15 04:00:00,26.4,0.39,5.29,28,74
1085,2024-02-15 05:00:00,26.9,0.44,5.29,28,73
1086,2024-02-15 06:00:00,23.7,0.46,1.0,28,70
1087,2024-02-15 07:00:00,24.3,0.56,4.0,28,65
1088,2024-02-15 08:00:00,26.9,0.5,4.0,31,58
1089,2024-02-15 09:00:00,27.7,0.54,4.0,32,56
1090,2024-02-15 10:00:00,23.0,0.52,3.0,34,52
1091,2024-02-15 11:00:00,23.6,0.49,5.0,35,48
1092,2024-02-15 12:00:00,20.7,0.51,5.0,35,45
1093,2024-02-15 13:00:00,23.4,0.51,9.0,37,40
1094,2024-02-15 14:00:00,20.5,0.52,11.0,37,40
1095,2024-02-15 15:00:00,21.4,0.6,8.0,37,43
1096,2024-02-15 16:00:00,24.2,0.53,4.0,35,52
1097,2024-02-15 17:00:00,27.2,0.51,7.0,34,54
1098,2024-02-15 18:00:00,24.4,0.56,7.0,33,50
1099,2024-02-15 19:00:00,25.0,0.58,7.0,32,53
1100,2024-02-15 20:00:00,24.4,0.48,4.0,31,54
1101,2024-02-15 21:00:00,29.1,0.47,2.0,31,59
1102,2024-02-15 22:00:00,25.8,0.5,5.29,30,65
1103,2024-02-15 23:00:00,28.6,0.51,5.0,29,63
1104,2024-02-16 00:00:00,25.0,0.42,1.0,29,64
1105,2024-02-16 01:00:00,24.5,0.42,2.0,28,68
1106,2024-02-16 02:00:00,23.3,0.37,0.0,28,68
1107,2024-02-16 03:00:00,27.4,0.36,5.29,28,68
1108,2024-02-16 04:00:00,21.6,0.4,0.0,28,69
1109,2024-02-16 05:00:00,27.9,0.43,1.0,27,69
1110,2024-02-16 06:00:00,27.1,0.47,2.0,27,70
1111,2024-02-16 07:00:00,25.9,0.6,7.0,28,68
1112,2024-02-16 08:00:00,24.9,0.44,2.0,30,62
1113,2024-02-16 09:00:00,28.5,0.5,4.0,31,58
1114,2024-02-16 10:00:00,26.3,0.51,3.0,33,52
1115,2024-02-16 11:00:00,24.5,0.5,4.0,33,50
1116,2024-02-16 12:00:00,26.6,0.49,4.0,34,47
1117,2024-02-16 13:00:00,30.6,0.49,5.0,35,45
1118,2024-02-16 14:00:00,32.4,0.51,5.0,34,50
1119,2024-02-16 15:00:00,28.1,0.59,5.0,35,53
1120,2024-02-16 16:00:00,31.7,0.51,2.0,33,56
1121,2024-02-16 17:00:00,30.0,0.51,3.0,33,58
1122,2024-02-16 18:00:00,26.5,0.54,5.0,31,67
1123,2024-02-16 19:00:00,28.9,0.68,8.0,30,68
1124,2024-02-16 20:00:00,33.2,0.58,6.0,31,60
1125,2024-02-16 21:00:00,31.0,0.57,4.0,30,61
1126,2024-02-16 22:00:00,37.6,0.55,6.0,30,65
1127,2024-02-16 23:00:00,39.7,0.5,5.29,29,66
1128,2024-02-17 00:00:00,31.3,0.49,5.0,29,68
1129,2024-02-17 01:00:00,28.5,0.46,2.0,28,69
1130,2024-02-17 02:00:00,28.6,0.42,2.0,28,69
1131,2024-02-17 03:00:00,25.2,0.41,0.0,28,69
1132,2024-02-17 04:00:00,26.6,0.38,5.29,27,70
1133,2024-02-17 05:00:00,22.7,0.43,1.0,27,71
1134,2024-02-17 06:00:00,25.8,0.47,2.0,27,73
1135,2024-02-17 07:00:00,22.7,0.5,3.0,28,69
1136,2024-02-17 08:00:00,21.3,0.47,3.0,30,62
1137,2024-02-17 09:00:00,25.1,0.49,3.0,31,57
1138,2024-02-17 10:00:00,23.9,0.52,4.0,32,54
1139,2024-02-17 11:00:00,27.4,0.47,5.0,32,55
1140,2024-02-17 12:00:00,27.1,0.47,4.0,33,53
1141,2024-02-17 13:00:00,28.2,0.48,4.0,35,45
1142,2024-02-17 14:00:00,32.7,0.52,5.0,36,42
1143,2024-02-17 15:00:00,28.5,0.63,5.0,36,42
1144,2024-02-17 16:00:00,27.6,0.54,6.0,37,36
1145,2024-02-17 17:00:00,33.8,0.5,4.0,34,49
1146,2024-02-17 18:00:00,29.3,0.52,5.0,32,56
1147,2024-02-17 19:00:00,30.8,0.57,6.0,31,58
1148,2024-02-17 20:00:00,32.5,0.58,7.0,31,58
1149,2024-02-17 21:00:00,32.6,0.59,4.0,30,56
1150,2024-02-17 22:00:00,34.9,0.53,3.0,30,58
1151,2024-02-17 23:00:00,31.4,0.56,8.0,29,64
1152,2024-02-18 00:00:00,32.0,0.5,5.29,28,64
1153,2024-02-18 01:00:00,31.6,0.47,8.0,28,62
1154,2024-02-18 02:00:00,31.1,0.39,3.0,28,64
1155,2024-02-18 03:00:00,29.5,0.37,4.0,27,63
1156,2024-02-18 04:00:00,22.8,0.39,8.0,27,63
1157,2024-02-18 05:00:00,24.4,0.42,2.0,27,65
1158,2024-02-18 06:00:00,29.4,0.41,3.0,27,66
1159,2024-02-18 07:00:00,28.7,0.4,3.0,28,63
1160,2024-02-18 08:00:00,28.4,0.4,3.0,30,57
1161,2024-02-18 09:00:00,24.5,0.5,3.0,31,55
1162,2024-02-18 10:00:00,22.3,0.48,4.0,32,50
1163,2024-02-18 11:00:00,27.0,0.46,5.0,33,48
1164,2024-02-18 12:00:00,29.5,0.48,6.0,34,47
1165,2024-02-18 13:00:00,27.5,0.48,4.0,35,44
1166,2024-02-18 14:00:00,28.1,0.5,5.0,36,40
1167,2024-02-18 15:00:00,27.4,0.54,3.0,37,37
1168,2024-02-18 16:00:00,27.3,0.5,3.0,37,36
1169,2024-02-18 17:00:00,32.5,0.57,6.0,34,46
1170,2024-02-18 18:00:00,31.6,0.91,13.0,31,59
1171,2024-02-18 19:00:00,27.59,1.0,19.0,30,61
1172,2024-02-18 20:00:00,27.59,0.81,14.0,30,63
1173,2024-02-18 21:00:00,51.0,0.77,13.0,30,66
1174,2024-02-18 22:00:00,40.9,0.71,15.0,29,67
1175,2024-02-18 23:00:00,29.9,0.5,6.0,29,69
1176,2024-02-19 00:00:00,30.3,0.42,2.0,28,75
1177,2024-02-19 01:00:00,31.0,0.5,5.29,28,75
1178,2024-02-19 02:00:00,18.4,0.37,0.0,28,74
1179,2024-02-19 03:00:00,25.2,0.38,0.0,28,74
1180,2024-02-19 04:00:00,24.7,0.39,0.0,28,74
1181,2024-02-19 05:00:00,30.9,0.41,0.0,27,76
1182,2024-02-19 06:00:00,26.3,0.52,2.0,27,77
1183,2024-02-19 07:00:00,28.8,0.62,7.0,28,72
1184,2024-02-19 08:00:00,24.5,0.48,4.0,31,62
1185,2024-02-19 09:00:00,22.1,0.5,4.0,32,58
1186,2024-02-19 10:00:00,26.8,0.48,4.0,33,55
1187,2024-02-19 11:00:00,23.1,0.5,5.0,33,55
1188,2024-02-19 12:00:00,24.8,0.46,4.0,33,55
1189,2024-02-19 13:00:00,22.3,0.47,3.0,33,56
1190,2024-02-19 14:00:00,23.7,0.54,3.0,35,52
1191,2024-02-19 15:00:00,22.5,0.5,3.0,34,53
1192,2024-02-19 16:00:00,23.2,0.45,5.0,34,56
1193,2024-02-19 17:00:00,24.0,0.59,11.0,32,60
1194,2024-02-19 18:00:00,25.1,0.62,13.0,31,66
1195,2024-02-19 19:00:00,26.0,0.52,8.0,30,72
1196,2024-02-19 20:00:00,26.8,0.52,8.0,29,72
1197,2024-02-19 21:00:00,32.1,0.49,5.0,30,71
1198,2024-02-19 22:00:00,29.2,0.45,3.0,30,71
1199,2024-02-19 23:00:00,25.2,0.4,2.0,30,71
1200,2024-02-20 00:00:00,28.3,0.41,2.0,30,74
1201,2024-02-20 01:00:00,21.8,0.36,0.0,29,76
1202,2024-02-20 02:00:00,24.6,0.5,5.29,29,78
1203,2024-02-20 03:00:00,17.8,0.41,1.0,28,77
1204,2024-02-20 04:00:00,21.3,0.41,0.0,28,78
1205,2024-02-20 05:00:00,22.7,0.42,2.0,28,82
1206,2024-02-20 06:00:00,21.0,0.49,6.0,28,83
1207,2024-02-20 07:00:00,21.5,0.61,7.0,29,79
1208,2024-02-20 08:00:00,24.2,0.5,5.0,30,69
1209,2024-02-20 09:00:00,23.1,0.47,4.0,32,61
1210,2024-02-20 10:00:00,22.4,0.47,6.0,33,56
1211,2024-02-20 11:00:00,20.0,0.46,3.0,34,51
1212,2024-02-20 12:00:00,22.8,0.46,4.0,35,48
1213,2024-02-20 13:00:00,17.1,0.47,4.0,36,44
1214,2024-02-20 14:00:00,18.2,0.53,4.0,36,46
1215,2024-02-20 15:00:00,18.9,0.46,2.0,34,50
1216,2024-02-20 16:00:00,21.0,0.5,7.0,34,55
1217,2024-02-20 17:00:00,20.1,0.58,9.0,33,61
1218,2024-02-20 18:00:00,27.0,0.6,11.0,31,70
1219,2024-02-20 19:00:00,26.3,0.54,10.0,30,73
1220,2024-02-20 20:00:00,24.3,0.53,9.0,30,75
1221,2024-02-20 21:00:00,28.1,0.51,7.0,29,75
1222,2024-02-20 22:00:00,24.6,0.47,4.0,30,74
1223,2024-02-20 23:00:00,23.0,0.45,3.0,30,75
1224,2024-02-21 00:00:00,21.1,0.44,2.0,29,73
1225,2024-02-21 01:00:00,25.0,0.37,1.0,29,73
1226,2024-02-21 02:00:00,21.8,0.4,1.0,29,78
1227,2024-02-21 03:00:00,20.6,0.5,5.29,29,81
1228,2024-02-21 04:00:00,20.3,0.43,2.0,28,84
1229,2024-02-21 05:00:00,24.7,0.44,2.0,28,85
1230,2024-02-21 06:00:00,25.8,0.56,4.0,28,84
1231,2024-02-21 07:00:00,23.9,0.74,10.0,29,83
1232,2024-02-21 08:00:00,29.1,0.63,6.0,31,72
1233,2024-02-21 09:00:00,26.0,0.52,5.0,31,69
1234,2024-02-21 10:00:00,25.3,0.51,6.0,33,60
1235,2024-02-21 11:00:00,23.1,0.52,6.0,35,54
1236,2024-02-21 12:00:00,24.5,0.48,3.0,33,60
1237,2024-02-21 13:00:00,18.9,0.5,2.0,33,61
1238,2024-02-21 14:00:00,18.8,0.55,3.0,34,58
1239,2024-02-21 15:00:00,24.5,0.54,8.0,33,60
1240,2024-02-21 16:00:00,21.8,0.8,10.0,32,62
1241,2024-02-21 17:00:00,25.7,0.7,9.0,32,64
1242,2024-02-21 18:00:00,22.5,0.6,8.0,30,71
1243,2024-02-21 19:00:00,30.3,0.57,8.0,30,74
1244,2024-02-21 20:00:00,27.7,0.57,10.0,30,75
1245,2024-02-21 21:00:00,30.7,0.54,5.0,29,76
1246,2024-02-21 22:00:00,31.4,0.5,4.0,29,76
1247,2024-02-21 23:00:00,32.2,0.46,2.0,29,76
1248,2024-02-22 00:00:00,31.0,0.43,1.0,29,76
1249,2024-02-22 01:00:00,29.8,0.43,2.0,29,78
1250,2024-02-22 02:00:00,30.6,0.45,1.0,29,79
1251,2024-02-22 03:00:00,27.8,0.43,0.0,29,75
1252,2024-02-22 04:00:00,28.3,0.5,5.29,28,69
1253,2024-02-22 05:00:00,17.4,0.45,1.0,28,73
1254,2024-02-22 06:00:00,23.8,0.47,3.0,28,75
1255,2024-02-22 07:00:00,22.4,0.61,9.0,29,73
1256,2024-02-22 08:00:00,22.3,0.53,5.0,31,63
1257,2024-02-22 09:00:00,16.4,0.53,5.0,32,58
1258,2024-02-22 10:00:00,22.9,0.49,5.0,34,54
1259,2024-02-22 11:00:00,22.4,0.5,5.0,34,51
1260,2024-02-22 12:00:00,19.1,0.48,4.0,34,47
1261,2024-02-22 13:00:00,18.6,0.5,3.0,34,49
1262,2024-02-22 14:00:00,22.6,0.56,3.0,34,46
1263,2024-02-22 15:00:00,22.3,0.5,5.0,36,39
1264,2024-02-22 16:00:00,24.2,0.5,8.0,36,40
1265,2024-02-22 17:00:00,26.2,0.57,10.0,35,46
1266,2024-02-22 18:00:00,23.0,0.64,15.0,32,58
1267,2024-02-22 19:00:00,26.5,0.56,11.0,30,67
1268,2024-02-22 20:00:00,28.9,0.59,10.0,30,69
1269,2024-02-22 21:00:00,26.2,0.51,6.0,30,71
1270,2024-02-22 22:00:00,28.0,0.49,5.0,30,74
1271,2024-02-22 23:00:00,26.5,0.51,6.0,30,76
1272,2024-02-23 00:00:00,26.4,0.48,2.0,30,74
1273,2024-02-23 01:00:00,26.9,0.41,5.29,29,73
1274,2024-02-23 02:00:00,20.9,0.45,0.0,29,78
1275,2024-02-23 03:00:00,23.2,0.42,5.29,29,72
1276,2024-02-23 04:00:00,20.6,0.41,5.29,28,69
1277,2024-02-23 05:00:00,14.9,0.5,5.29,28,72
1278,2024-02-23 06:00:00,18.8,0.46,2.0,28,74
1279,2024-02-23 07:00:00,19.8,0.56,7.0,28,73
1280,2024-02-23 08:00:00,20.0,0.45,2.0,31,64
1281,2024-02-23 09:00:00,15.5,0.52,4.0,32,58
1282,2024-02-23 10:00:00,20.6,0.49,3.0,34,53
1283,2024-02-23 11:00:00,22.4,0.5,4.0,35,45
1284,2024-02-23 12:00:00,19.5,0.52,6.0,36,40
1285,2024-02-23 13:00:00,22.6,0.55,7.0,38,33
1286,2024-02-23 14:00:00,24.6,0.59,8.0,36,44
1287,2024-02-23 15:00:00,22.7,0.53,11.0,35,51
1288,2024-02-23 16:00:00,25.5,0.58,15.0,35,50
1289,2024-02-23 17:00:00,28.1,0.65,13.0,33,57
1290,2024-02-23 18:00:00,29.8,0.67,11.0,31,69
1291,2024-02-23 19:00:00,31.7,0.66,12.0,30,72
1292,2024-02-23 20:00:00,32.8,0.69,10.0,30,73
1293,2024-02-23 21:00:00,30.6,0.55,9.0,30,70
1294,2024-02-23 22:00:00,32.6,0.53,8.0,30,71
1295,2024-02-23 23:00:00,29.7,0.56,9.0,30,66
1296,2024-02-24 00:00:00,25.9,0.38,2.0,29,62
1297,2024-02-24 01:00:00,16.4,0.36,1.0,28,66
1298,2024-02-24 02:00:00,15.4,0.36,1.0,28,67
1299,2024-02-24 03:00:00,14.8,0.37,0.0,28,69
1300,2024-02-24 04:00:00,18.2,0.41,0.0,27,70
1301,2024-02-24 05:00:00,19.8,0.48,1.0,27,70
1302,2024-02-24 06:00:00,18.1,0.5,5.29,27,72
1303,2024-02-24 07:00:00,17.5,0.48,5.0,28,68
1304,2024-02-24 08:00:00,17.7,0.45,2.0,30,59
1305,2024-02-24 09:00:00,17.5,0.45,4.0,31,55
1306,2024-02-24 10:00:00,20.4,0.46,4.0,32,52
1307,2024-02-24 11:00:00,19.7,0.47,7.0,33,50
1308,2024-02-24 12:00:00,16.8,0.46,4.0,35,45
1309,2024-02-24 13:00:00,13.1,0.49,3.0,35,45
1310,2024-02-24 14:00:00,18.6,0.53,3.0,35,50
1311,2024-02-24 15:00:00,15.2,0.43,2.0,34,53
1312,2024-02-24 16:00:00,12.4,0.39,2.0,33,58
1313,2024-02-24 17:00:00,20.2,0.44,3.0,33,60
1314,2024-02-24 18:00:00,19.6,0.46,6.0,31,64
1315,2024-02-24 19:00:00,18.2,0.49,4.0,32,53
1316,2024-02-24 20:00:00,20.9,0.48,3.0,32,51
1317,2024-02-24 21:00:00,21.1,0.45,3.0,31,52
1318,2024-02-24 22:00:00,22.7,0.43,2.0,31,52
1319,2024-02-24 23:00:00,18.2,0.44,1.0,30,55
1320,2024-02-25 00:00:00,16.2,0.48,5.0,29,59
1321,2024-02-25 01:00:00,18.1,0.42,4.0,28,63
1322,2024-02-25 02:00:00,19.0,0.42,4.0,28,65
1323,2024-02-25 03:00:00,17.0,0.39,1.0,28,65
1324,2024-02-25 04:00:00,17.4,0.42,3.0,28,68
1325,2024-02-25 05:00:00,18.9,0.45,2.0,27,71
1326,2024-02-25 06:00:00,21.5,0.49,3.0,27,72
1327,2024-02-25 07:00:00,22.7,0.5,5.29,28,71
1328,2024-02-25 08:00:00,23.0,0.43,2.0,31,61
1329,2024-02-25 09:00:00,21.4,0.45,2.0,31,60
1330,2024-02-25 10:00:00,21.7,0.44,2.0,33,54
1331,2024-02-25 11:00:00,20.2,0.44,3.0,34,51
1332,2024-02-25 12:00:00,22.8,0.45,3.0,35,49
1333,2024-02-25 13:00:00,19.5,0.49,2.0,36,44
1334,2024-02-25 14:00:00,19.8,0.52,6.0,37,39
1335,2024-02-25 15:00:00,18.6,0.42,2.0,36,44
1336,2024-02-25 16:00:00,20.0,0.42,1.0,35,45
1337,2024-02-25 17:00:00,15.9,0.42,2.0,35,46
1338,2024-02-25 18:00:00,23.0,0.45,6.0,33,53
1339,2024-02-25 19:00:00,23.6,0.63,9.0,32,61
1340,2024-02-25 20:00:00,46.5,0.68,11.0,31,65
1341,2024-02-25 21:00:00,51.4,0.57,9.0,30,67
1342,2024-02-25 22:00:00,46.9,0.54,8.0,30,65
1343,2024-02-25 23:00:00,25.2,0.55,5.0,30,63
1344,2024-02-26 00:00:00,24.3,0.44,1.0,29,68
1345,2024-02-26 01:00:00,24.0,0.38,0.0,29,71
1346,2024-02-26 02:00:00,25.1,0.4,0.0,28,71
1347,2024-02-26 03:00:00,25.4,0.41,5.29,28,69
1348,2024-02-26 04:00:00,26.9,0.39,5.29,28,69
1349,2024-02-26 05:00:00,27.9,0.39,5.29,28,72
1350,2024-02-26 06:00:00,24.9,0.4,1.0,28,73
1351,2024-02-26 07:00:00,21.4,0.41,1.0,28,71
1352,2024-02-26 08:00:00,25.6,0.5,5.29,31,63
1353,2024-02-26 09:00:00,24.6,0.45,4.0,32,57
1354,2024-02-26 10:00:00,31.8,0.47,3.0,33,54
1355,2024-02-26 11:00:00,31.1,0.45,4.0,34,49
1356,2024-02-26 12:00:00,28.8,0.46,4.0,35,46
1357,2024-02-26 13:00:00,30.6,0.57,5.0,37,41
1358,2024-02-26 14:00:00,30.3,0.54,5.0,36,41
1359,2024-02-26 15:00:00,26.7,0.45,5.0,37,39
1360,2024-02-26 16:00:00,29.0,0.47,4.0,36,40
1361,2024-02-26 17:00:00,30.2,0.47,6.0,35,42
1362,2024-02-26 18:00:00,30.1,0.48,5.0,33,48
1363,2024-02-26 19:00:00,27.9,0.54,5.0,32,50
1364,2024-02-26 20:00:00,34.3,0.49,3.0,31,55
1365,2024-02-26 21:00:00,32.8,0.48,3.0,30,56
1366,2024-02-26 22:00:00,33.4,0.47,2.0,30,58
1367,2024-02-26 23:00:00,36.3,0.46,1.0,29,62
1368,2024-02-27 00:00:00,30.7,0.42,0.0,29,66
1369,2024-02-27 01:00:00,36.0,0.42,1.0,28,71
1370,2024-02-27 02:00:00,31.1,0.46,2.0,28,71
1371,2024-02-27 03:00:00,27.1,0.43,1.0,28,70
1372,2024-02-27 04:00:00,32.3,0.42,1.0,28,73
1373,2024-02-27 05:00:00,29.4,0.46,1.0,27,71
1374,2024-02-27 06:00:00,31.6,0.47,3.0,27,72
1375,2024-02-27 07:00:00,26.7,0.54,6.0,28,70
1376,2024-02-27 08:00:00,27.7,0.45,5.0,30,61
1377,2024-02-27 09:00:00,23.7,0.5,5.29,31,56
1378,2024-02-27 10:00:00,29.8,0.46,3.0,32,54
1379,2024-02-27 11:00:00,26.3,0.45,3.0,33,48
1380,2024-02-27 12:00:00,19.5,0.5,4.0,35,44
1381,2024-02-27 13:00:00,20.7,0.55,5.0,36,41
1382,2024-02-27 14:00:00,20.1,0.54,4.0,37,37
1383,2024-02-27 15:00:00,16.8,0.43,4.0,37,39
1384,2024-02-27 16:00:00,20.2,0.48,7.0,36,43
1385,2024-02-27 17:00:00,22.6,0.5,7.0,34,51
1386,2024-02-27 18:00:00,19.3,0.47,7.0,33,48
1387,2024-02-27 19:00:00,20.3,0.52,4.0,32,47
1388,2024-02-27 20:00:00,22.3,0.49,4.0,31,50
1389,2024-02-27 21:00:00,26.4,0.42,2.0,31,53
1390,2024-02-27 22:00:00,22.1,0.39,1.0,30,60
1391,2024-02-27 23:00:00,19.1,0.38,0.0,29,58
1392,2024-02-28 00:00:00,15.5,0.35,5.29,29,61
1393,2024-02-28 01:00:00,18.6,0.37,5.29,28,66
1394,2024-02-28 02:00:00,19.9,0.39,5.29,28,70
1395,2024-02-28 03:00:00,19.3,0.37,5.29,28,69
1396,2024-02-28 04:00:00,20.4,0.38,5.29,28,73
1397,2024-02-28 05:00:00,17.5,0.38,5.29,28,73
1398,2024-02-28 06:00:00,22.7,0.38,0.0,28,71
1399,2024-02-28 07:00:00,18.4,0.47,3.0,28,71
1400,2024-02-28 08:00:00,22.8,0.43,3.0,30,63
1401,2024-02-28 09:00:00,23.9,0.44,2.0,32,58
1402,2024-02-28 10:00:00,22.7,0.5,5.29,33,55
1403,2024-02-28 11:00:00,27.8,0.45,2.0,33,53
1404,2024-02-28 12:00:00,23.8,0.46,4.0,35,47
1405,2024-02-28 13:00:00,23.3,0.53,6.0,35,50
1406,2024-02-28 14:00:00,22.5,0.49,3.0,34,49
1407,2024-02-28 15:00:00,23.4,0.4,2.0,35,47
1408,2024-02-28 16:00:00,21.5,0.45,4.0,35,46
1409,2024-02-28 17:00:00,22.8,0.44,3.0,34,52
1410,2024-02-28 18:00:00,21.3,0.47,6.0,32,57
1411,2024-02-28 19:00:00,20.3,0.59,6.0,31,64
1412,2024-02-28 20:00:00,23.9,0.56,6.0,31,63
1413,2024-02-28 21:00:00,25.0,0.45,4.0,31,61
1414,2024-02-28 22:00:00,27.9,0.44,1.0,30,62
1415,2024-02-28 23:00:00,30.1,0.43,1.0,29,65
1416,2024-02-29 00:00:00,31.3,0.36,5.29,29,67
1417,2024-02-29 01:00:00,23.6,0.38,0.0,29,67
1418,2024-02-29 02:00:00,31.4,0.39,5.29,28,69
1419,2024-02-29 03:00:00,31.3,0.39,5.29,28,70
1420,2024-02-29 04:00:00,26.3,0.38,5.29,28,70
1421,2024-02-29 05:00:00,29.3,0.38,5.29,28,69
1422,2024-02-29 06:00:00,30.3,0.4,2.0,28,70
1423,2024-02-29 07:00:00,24.5,0.46,4.0,28,65
1424,2024-02-29 08:00:00,26.6,0.44,3.0,31,59
1425,2024-02-29 09:00:00,24.7,0.43,3.0,31,55
1426,2024-02-29 10:00:00,26.1,0.45,4.0,32,53
1427,2024-02-29 11:00:00,24.7,0.5,5.29,34,47
1428,2024-02-29 12:00:00,23.8,0.49,8.0,35,43
1429,2024-02-29 13:00:00,22.8,0.55,7.0,36,40
1430,2024-02-29 14:00:00,24.1,0.53,6.0,37,38
1431,2024-02-29 15:00:00,24.4,0.44,8.0,38,38
1432,2024-02-29 16:00:00,26.8,0.51,9.0,38,38
1433,2024-02-29 17:00:00,24.6,0.52,9.0,36,40
1434,2024-02-29 18:00:00,27.9,0.54,12.0,33,47
1435,2024-02-29 19:00:00,29.4,0.56,6.0,32,51
1436,2024-02-29 20:00:00,29.4,0.51,5.0,32,52
1437,2024-02-29 21:00:00,28.6,0.56,7.0,31,56
1438,2024-02-29 22:00:00,23.5,0.5,4.0,30,61
1439,2024-02-29 23:00:00,27.2,0.49,4.0,30,62
1440,2024-03-01 00:00:00,26.7,0.42,3.0,29,61
1441,2024-03-01 01:00:00,23.8,0.43,3.0,29,61
1442,2024-03-01 02:00:00,25.9,0.41,0.0,29,62
1443,2024-03-01 03:00:00,24.5,0.4,0.0,28,64
1444,2024-03-01 04:00:00,24.0,0.38,0.0,28,65
1445,2024-03-01 05:00:00,23.2,0.41,0.0,28,67
1446,2024-03-01 06:00:00,24.2,0.42,2.0,28,67
1447,2024-03-01 07:00:00,25.5,0.5,5.0,29,65
1448,2024-03-01 08:00:00,29.7,0.47,3.0,31,60
1449,2024-03-01 09:00:00,26.7,0.46,2.0,32,56
1450,2024-03-01 10:00:00,24.5,0.48,3.0,33,53
1451,2024-03-01 11:00:00,28.8,0.48,3.0,34,49
1452,2024-03-01 12:00:00,27.3,0.46,3.0,35,45
1453,2024-03-01 13:00:00,25.2,0.55,4.0,35,46
1454,2024-03-01 14:00:00,24.7,0.49,2.0,34,48
1455,2024-03-01 15:00:00,26.3,0.43,2.0,35,47
1456,2024-03-01 16:00:00,26.8,0.49,7.0,34,48
1457,2024-03-01 17:00:00,29.8,0.49,13.0,33,52
1458,2024-03-01 18:00:00,31.3,0.52,12.0,32,60
1459,2024-03-01 19:00:00,28.7,0.6,12.0,31,65
1460,2024-03-01 20:00:00,33.9,0.57,11.0,30,66
1461,2024-03-01 21:00:00,30.3,0.53,9.0,30,66
1462,2024-03-01 22:00:00,27.5,0.46,6.0,30,66
1463,2024-03-01 23:00:00,27.7,0.48,6.0,30,68
