,PM25,CO,NO2,TEMP,RH,DATE,TIME
0,31.5,0.63,10.0,27,95,2024-01-01,00:00:00
1,35.5,0.61,11.0,27,96,2024-01-01,01:00:00
2,28.3,0.5,5.29,27,93,2024-01-01,02:00:00
3,22.2,0.44,3.0,27,92,2024-01-01,03:00:00
4,27.4,0.43,1.0,26,93,2024-01-01,04:00:00
5,25.7,0.46,3.0,26,95,2024-01-01,05:00:00
6,25.3,0.48,4.0,26,92,2024-01-01,06:00:00
7,22.4,0.5,7.0,27,88,2024-01-01,07:00:00
8,23.1,0.37,3.0,29,74,2024-01-01,08:00:00
9,21.9,0.38,2.0,31,67,2024-01-01,09:00:00
10,17.4,0.38,2.0,31,63,2024-01-01,10:00:00
11,22.3,0.39,3.0,32,61,2024-01-01,11:00:00
12,21.5,0.39,2.0,33,59,2024-01-01,12:00:00
13,18.1,0.44,4.0,34,56,2024-01-01,13:00:00
14,20.2,0.42,4.0,35,53,2024-01-01,14:00:00
15,18.6,0.36,2.0,35,52,2024-01-01,15:00:00
16,20.5,0.39,2.0,34,53,2024-01-01,16:00:00
17,21.6,0.48,6.0,32,60,2024-01-01,17:00:00
18,22.5,0.51,12.0,31,69,2024-01-01,18:00:00
19,19.3,0.53,11.0,30,75,2024-01-01,19:00:00
20,20.2,0.6,16.0,29,75,2024-01-01,20:00:00
21,25.7,0.6,17.0,29,78,2024-01-01,21:00:00
22,28.5,0.49,9.0,28,80,2024-01-01,22:00:00
23,26.7,0.39,3.0,28,79,2024-01-01,23:00:00
24,20.8,0.33,3.0,28,74,2024-01-02,00:00:00
25,19.4,0.27,0.0,28,77,2024-01-02,01:00:00
26,19.0,0.26,0.0,27,80,2024-01-02,02:00:00
27,17.3,0.5,5.29,27,80,2024-01-02,03:00:00
28,20.6,0.35,0.0,27,82,2024-01-02,04:00:00
29,19.6,0.34,0.0,27,85,2024-01-02,05:00:00
30,21.8,0.32,1.0,26,86,2024-01-02,06:00:00
31,21.2,0.45,6.0,27,81,2024-01-02,07:00:00
32,20.9,0.37,3.0,29,72,2024-01-02,08:00:00
33,18.4,0.41,2.0,31,64,2024-01-02,09:00:00
34,20.0,0.41,2.0,32,59,2024-01-02,10:00:00
35,15.7,0.43,4.0,33,56,2024-01-02,11:00:00
36,18.0,0.41,4.0,34,55,2024-01-02,12:00:00
37,15.6,0.4,4.0,34,53,2024-01-02,13:00:00
38,20.1,0.42,4.0,35,49,2024-01-02,14:00:00
39,19.6,0.37,3.0,35,49,2024-01-02,15:00:00
40,21.8,0.4,6.0,35,49,2024-01-02,16:00:00
41,20.6,0.44,6.0,33,53,2024-01-02,17:00:00
42,23.9,0.46,10.0,32,58,2024-01-02,18:00:00
43,23.9,0.52,14.0,31,64,2024-01-02,19:00:00
44,21.3,0.49,11.0,30,66,2024-01-02,20:00:00
45,20.9,0.45,6.0,30,68,2024-01-02,21:00:00
46,18.7,0.45,3.0,30,65,2024-01-02,22:00:00
47,17.6,0.43,2.0,29,68,2024-01-02,23:00:00
48,21.3,0.38,2.0,28,73,2024-01-03,00:00:00
49,20.3,0.35,1.0,28,72,2024-01-03,01:00:00
50,19.1,0.35,1.0,28,74,2024-01-03,02:00:00
51,18.9,0.37,0.0,28,80,2024-01-03,03:00:00
52,22.3,0.5,5.29,27,85,2024-01-03,04:00:00
53,18.7,0.39,0.0,27,86,2024-01-03,05:00:00
54,21.1,0.46,5.0,27,87,2024-01-03,06:00:00
55,23.1,0.53,7.0,28,82,2024-01-03,07:00:00
56,20.8,0.44,6.0,29,72,2024-01-03,08:00:00
57,22.2,0.44,4.0,31,65,2024-01-03,09:00:00
58,20.8,0.45,4.0,32,59,2024-01-03,10:00:00
59,22.5,0.45,5.0,32,58,2024-01-03,11:00:00
60,21.1,0.44,4.0,32,58,2024-01-03,12:00:00
61,20.9,0.46,6.0,33,55,2024-01-03,13:00:00
62,19.1,0.44,3.0,33,58,2024-01-03,14:00:00
63,21.2,0.41,5.0,33,56,2024-01-03,15:00:00
64,20.2,0.5,7.0,32,57,2024-01-03,16:00:00
65,26.0,0.53,10.0,31,62,2024-01-03,17:00:00
66,28.0,0.54,11.0,29,72,2024-01-03,18:00:00
67,25.9,0.62,13.0,29,72,2024-01-03,19:00:00
68,28.2,0.63,17.0,29,75,2024-01-03,20:00:00
69,28.7,0.45,6.0,29,79,2024-01-03,21:00:00
70,25.8,0.44,6.0,28,80,2024-01-03,22:00:00
71,26.3,0.42,5.0,28,81,2024-01-03,23:00:00
72,20.9,0.38,3.0,28,77,2024-01-04,00:00:00
73,18.7,0.32,1.0,28,77,2024-01-04,01:00:00
74,16.8,0.3,0.0,27,74,2024-01-04,02:00:00
75,17.2,0.34,0.0,27,77,2024-01-04,03:00:00
76,17.1,0.36,0.0,27,78,2024-01-04,04:00:00
77,18.8,0.5,5.29,27,80,2024-01-04,05:00:00
78,20.2,0.4,3.0,27,80,2024-01-04,06:00:00
79,21.6,0.57,9.0,27,78,2024-01-04,07:00:00
80,22.1,0.43,5.0,30,68,2024-01-04,08:00:00
81,24.7,0.45,5.0,32,60,2024-01-04,09:00:00
82,23.4,0.46,4.0,32,57,2024-01-04,10:00:00
83,20.7,0.51,6.0,33,54,2024-01-04,11:00:00
84,22.3,0.49,6.0,33,55,2024-01-04,12:00:00
85,23.2,0.46,7.0,33,60,2024-01-04,13:00:00
86,22.3,0.44,3.0,31,65,2024-01-04,14:00:00
87,23.5,0.41,4.0,32,60,2024-01-04,15:00:00
88,20.9,0.51,7.0,33,57,2024-01-04,16:00:00
89,28.7,0.63,10.0,32,61,2024-01-04,17:00:00
90,27.6,0.82,16.0,31,68,2024-01-04,18:00:00
91,30.2,0.51,11.0,30,72,2024-01-04,19:00:00
92,27.4,0.56,10.0,29,75,2024-01-04,20:00:00
93,27.0,0.44,6.0,29,75,2024-01-04,21:00:00
94,26.1,0.39,2.0,28,80,2024-01-04,22:00:00
95,22.1,0.42,2.0,28,81,2024-01-04,23:00:00
96,20.5,0.42,1.0,28,76,2024-01-05,00:00:00
97,20.4,0.38,0.0,28,73,2024-01-05,01:00:00
98,21.6,0.38,0.0,28,75,2024-01-05,02:00:00
99,18.8,0.37,5.29,28,77,2024-01-05,03:00:00
100,20.7,0.39,0.0,27,79,2024-01-05,04:00:00
101,21.5,0.44,1.0,27,78,2024-01-05,05:00:00
102,20.9,0.5,5.29,27,79,2024-01-05,06:00:00
103,22.0,0.56,8.0,28,77,2024-01-05,07:00:00
104,22.2,0.5,7.0,29,72,2024-01-05,08:00:00
105,23.5,0.51,5.0,30,67,2024-01-05,09:00:00
106,24.6,0.46,5.0,32,61,2024-01-05,10:00:00
107,22.3,0.44,5.0,32,60,2024-01-05,11:00:00
108,22.5,0.5,9.0,33,58,2024-01-05,12:00:00
109,24.3,0.5,6.0,33,58,2024-01-05,13:00:00
110,20.9,0.49,5.0,33,58,2024-01-05,14:00:00
111,22.5,0.46,4.0,34,55,2024-01-05,15:00:00
112,19.5,0.57,8.0,33,56,2024-01-05,16:00:00
113,22.9,0.59,9.0,32,62,2024-01-05,17:00:00
114,33.6,0.6,11.0,30,66,2024-01-05,18:00:00
115,25.2,0.54,6.0,30,66,2024-01-05,19:00:00
116,31.7,0.49,6.0,29,66,2024-01-05,20:00:00
117,28.2,0.46,4.0,29,69,2024-01-05,21:00:00
118,28.9,0.48,3.0,28,72,2024-01-05,22:00:00
119,28.7,0.46,3.0,28,72,2024-01-05,23:00:00
120,31.3,0.4,2.0,28,72,2024-01-06,00:00:00
121,25.4,0.4,1.0,28,75,2024-01-06,01:00:00
122,24.0,0.39,1.0,28,76,2024-01-06,02:00:00
123,25.0,0.41,1.0,27,78,2024-01-06,03:00:00
124,24.5,0.43,1.0,27,79,2024-01-06,04:00:00
125,24.1,0.43,2.0,27,77,2024-01-06,05:00:00
126,25.6,0.45,3.0,27,79,2024-01-06,06:00:00
127,25.7,0.5,5.29,28,75,2024-01-06,07:00:00
128,26.9,0.48,5.0,30,66,2024-01-06,08:00:00
129,32.4,0.49,4.0,31,61,2024-01-06,09:00:00
130,28.6,0.49,4.0,32,59,2024-01-06,10:00:00
131,33.0,0.49,5.0,33,56,2024-01-06,11:00:00
132,29.9,0.53,9.0,33,57,2024-01-06,12:00:00
133,32.6,0.53,4.0,34,53,2024-01-06,13:00:00
134,33.4,0.51,3.0,35,48,2024-01-06,14:00:00
135,36.9,0.5,4.0,36,46,2024-01-06,15:00:00
136,32.8,0.52,5.0,35,48,2024-01-06,16:00:00
137,40.6,0.53,11.0,32,59,2024-01-06,17:00:00
138,36.9,0.6,16.0,30,65,2024-01-06,18:00:00
139,37.6,0.63,11.0,30,68,2024-01-06,19:00:00
140,42.8,0.59,9.0,29,71,2024-01-06,20:00:00
141,39.2,0.56,10.0,29,75,2024-01-06,21:00:00
142,34.5,0.59,8.0,29,71,2024-01-06,22:00:00
143,37.5,0.58,8.0,29,69,2024-01-06,23:00:00
144,36.5,0.46,2.0,28,71,2024-01-07,00:00:00
145,31.9,0.45,2.0,28,72,2024-01-07,01:00:00
146,32.9,0.42,1.0,28,73,2024-01-07,02:00:00
147,29.7,0.44,0.0,27,76,2024-01-07,03:00:00
148,33.5,0.49,2.0,27,80,2024-01-07,04:00:00
149,36.3,0.46,0.0,27,81,2024-01-07,05:00:00
150,40.4,0.49,2.0,27,83,2024-01-07,06:00:00
151,43.7,0.52,6.0,28,82,2024-01-07,07:00:00
152,36.7,0.5,5.29,29,76,2024-01-07,08:00:00
153,32.9,0.52,4.0,30,70,2024-01-07,09:00:00
154,35.7,0.53,5.0,31,64,2024-01-07,10:00:00
155,31.2,0.54,6.0,32,59,2024-01-07,11:00:00
156,32.1,0.46,3.0,33,54,2024-01-07,12:00:00
157,30.2,0.48,6.0,32,59,2024-01-07,13:00:00
158,36.7,0.57,9.0,32,60,2024-01-07,14:00:00
159,45.0,0.54,6.0,31,66,2024-01-07,15:00:00
160,42.0,0.57,5.0,30,68,2024-01-07,16:00:00
161,37.6,0.58,7.0,30,70,2024-01-07,17:00:00
162,37.4,0.49,5.0,29,70,2024-01-07,18:00:00
163,35.1,0.51,5.0,29,70,2024-01-07,19:00:00
164,34.7,0.47,4.0,29,72,2024-01-07,20:00:00
165,37.5,0.49,3.0,29,73,2024-01-07,21:00:00
166,35.8,0.51,9.0,29,74,2024-01-07,22:00:00
167,31.8,0.45,4.0,28,74,2024-01-07,23:00:00
168,26.1,0.42,0.0,28,77,2024-01-08,00:00:00
169,26.6,0.41,1.0,28,79,2024-01-08,01:00:00
170,25.2,0.42,1.0,27,81,2024-01-08,02:00:00
171,30.4,0.46,0.0,27,81,2024-01-08,03:00:00
172,30.9,0.45,0.0,27,82,2024-01-08,04:00:00
173,31.2,0.49,2.0,27,82,2024-01-08,05:00:00
174,30.4,0.47,3.0,27,81,2024-01-08,06:00:00
175,29.7,0.5,5.0,28,77,2024-01-08,07:00:00
176,32.8,0.48,4.0,30,69,2024-01-08,08:00:00
177,34.6,0.5,5.29,31,63,2024-01-08,09:00:00
178,25.4,0.48,3.0,32,57,2024-01-08,10:00:00
179,24.7,0.48,4.0,33,54,2024-01-08,11:00:00
180,25.7,0.48,6.0,34,54,2024-01-08,12:00:00
181,25.3,0.52,5.0,35,51,2024-01-08,13:00:00
182,26.4,0.48,4.0,35,49,2024-01-08,14:00:00
183,29.7,0.42,5.0,36,48,2024-01-08,15:00:00
184,22.1,0.5,7.0,36,48,2024-01-08,16:00:00
185,21.5,0.51,8.0,33,54,2024-01-08,17:00:00
186,20.9,0.52,8.0,30,73,2024-01-08,18:00:00
187,30.9,0.51,6.0,28,87,2024-01-08,19:00:00
188,26.4,0.49,6.0,28,83,2024-01-08,20:00:00
189,24.8,0.43,4.0,28,79,2024-01-08,21:00:00
190,19.0,0.42,3.0,28,78,2024-01-08,22:00:00
191,19.3,0.44,2.0,28,74,2024-01-08,23:00:00
192,20.5,0.33,1.0,27,75,2024-01-09,00:00:00
193,23.2,0.29,0.0,27,75,2024-01-09,01:00:00
194,21.2,0.33,0.0,27,75,2024-01-09,02:00:00
195,23.2,0.37,0.0,27,77,2024-01-09,03:00:00
196,20.7,0.34,0.0,27,77,2024-01-09,04:00:00
197,20.0,0.33,1.0,27,79,2024-01-09,05:00:00
198,21.1,0.38,3.0,27,79,2024-01-09,06:00:00
199,23.3,0.59,8.0,27,76,2024-01-09,07:00:00
200,24.7,0.46,4.0,29,68,2024-01-09,08:00:00
201,24.0,0.47,2.0,30,64,2024-01-09,09:00:00
202,24.7,0.5,5.29,32,57,2024-01-09,10:00:00
203,21.7,0.49,4.0,33,54,2024-01-09,11:00:00
204,25.1,0.5,4.0,34,49,2024-01-09,12:00:00
205,26.6,0.52,3.0,34,48,2024-01-09,13:00:00
206,29.7,0.51,5.0,35,47,2024-01-09,14:00:00
207,27.5,0.47,5.0,35,47,2024-01-09,15:00:00
208,28.3,0.55,7.0,35,47,2024-01-09,16:00:00
209,29.8,0.55,12.0,33,54,2024-01-09,17:00:00
210,31.6,0.59,13.0,31,60,2024-01-09,18:00:00
211,29.4,0.56,10.0,30,66,2024-01-09,19:00:00
212,34.8,0.57,9.0,30,67,2024-01-09,20:00:00
213,30.4,0.52,6.0,29,71,2024-01-09,21:00:00
214,30.7,0.47,5.0,29,74,2024-01-09,22:00:00
215,29.0,0.42,3.0,29,74,2024-01-09,23:00:00
216,27.0,0.42,1.0,29,76,2024-01-10,00:00:00
217,26.9,0.43,2.0,28,76,2024-01-10,01:00:00
218,29.2,0.44,1.0,28,80,2024-01-10,02:00:00
219,32.3,0.46,1.0,28,83,2024-01-10,03:00:00
220,32.8,0.49,0.0,28,81,2024-01-10,04:00:00
221,37.5,0.48,0.0,27,81,2024-01-10,05:00:00
222,35.9,0.44,1.0,27,81,2024-01-10,06:00:00
223,33.0,0.52,6.0,28,80,2024-01-10,07:00:00
224,34.7,0.53,3.0,29,73,2024-01-10,08:00:00
225,31.6,0.5,2.0,31,65,2024-01-10,09:00:00
226,29.6,0.5,5.0,32,60,2024-01-10,10:00:00
227,22.3,0.5,5.29,33,57,2024-01-10,11:00:00
228,27.6,0.46,3.0,32,59,2024-01-10,12:00:00
229,45.5,0.56,4.0,32,61,2024-01-10,13:00:00
230,32.4,0.54,8.0,34,53,2024-01-10,14:00:00
231,36.0,0.52,5.0,34,53,2024-01-10,15:00:00
232,34.4,0.55,7.0,34,52,2024-01-10,16:00:00
233,33.4,0.54,10.0,32,56,2024-01-10,17:00:00
234,29.7,0.57,12.0,31,63,2024-01-10,18:00:00
235,33.8,0.69,18.0,30,71,2024-01-10,19:00:00
236,37.2,0.65,14.0,30,73,2024-01-10,20:00:00
237,38.2,0.58,7.0,30,72,2024-01-10,21:00:00
238,38.4,0.46,3.0,30,71,2024-01-10,22:00:00
239,29.0,0.36,1.0,29,72,2024-01-10,23:00:00
240,29.6,0.32,1.0,28,75,2024-01-11,00:00:00
241,24.0,0.31,0.0,28,76,2024-01-11,01:00:00
242,25.2,0.33,0.0,28,79,2024-01-11,02:00:00
243,24.4,0.32,0.0,27,81,2024-01-11,03:00:00
244,23.0,0.38,2.0,27,84,2024-01-11,04:00:00
245,23.9,0.33,0.0,27,82,2024-01-11,05:00:00
246,24.2,0.34,2.0,27,81,2024-01-11,06:00:00
247,22.8,0.53,8.0,27,78,2024-01-11,07:00:00
248,23.8,0.41,3.0,30,65,2024-01-11,08:00:00
249,20.4,0.41,3.0,32,59,2024-01-11,09:00:00
250,25.6,0.43,4.0,32,56,2024-01-11,10:00:00
251,28.0,0.4,4.0,34,52,2024-01-11,11:00:00
252,20.4,0.5,5.29,34,50,2024-01-11,12:00:00
253,25.5,0.4,4.0,35,48,2024-01-11,13:00:00
254,29.7,0.4,3.0,36,44,2024-01-11,14:00:00
255,24.9,0.4,3.0,36,43,2024-01-11,15:00:00
256,23.4,0.42,5.0,36,44,2024-01-11,16:00:00
257,22.9,0.42,7.0,34,48,2024-01-11,17:00:00
258,24.2,0.53,14.0,32,58,2024-01-11,18:00:00
259,30.7,0.58,15.0,30,67,2024-01-11,19:00:00
260,34.3,0.59,12.0,30,71,2024-01-11,20:00:00
261,36.1,0.6,12.0,29,73,2024-01-11,21:00:00
262,37.9,0.54,9.0,29,75,2024-01-11,22:00:00
263,32.5,0.38,3.0,29,72,2024-01-11,23:00:00
264,28.2,0.32,1.0,28,72,2024-01-12,00:00:00
265,25.5,0.3,0.0,28,74,2024-01-12,01:00:00
266,27.3,0.37,0.0,27,76,2024-01-12,02:00:00
267,28.1,0.41,2.0,27,78,2024-01-12,03:00:00
268,26.9,0.39,0.0,27,76,2024-01-12,04:00:00
269,25.2,0.39,4.0,27,76,2024-01-12,05:00:00
270,24.3,0.37,4.0,27,74,2024-01-12,06:00:00
271,22.3,0.48,7.0,28,72,2024-01-12,07:00:00
272,25.9,0.46,5.0,29,68,2024-01-12,08:00:00
273,22.4,0.47,5.0,30,66,2024-01-12,09:00:00
274,22.8,0.42,3.0,30,64,2024-01-12,10:00:00
275,22.7,0.44,13.0,32,57,2024-01-12,11:00:00
276,25.4,0.44,5.0,34,51,2024-01-12,12:00:00
277,21.4,0.5,5.29,33,54,2024-01-12,13:00:00
278,24.4,0.43,4.0,35,47,2024-01-12,14:00:00
279,23.6,0.45,5.0,34,49,2024-01-12,15:00:00
280,25.5,0.51,8.0,33,53,2024-01-12,16:00:00
281,27.3,0.49,8.0,32,60,2024-01-12,17:00:00
282,28.7,0.55,13.0,30,66,2024-01-12,18:00:00
283,34.6,0.58,16.0,29,70,2024-01-12,19:00:00
284,30.4,0.51,14.0,29,71,2024-01-12,20:00:00
285,28.0,0.59,16.0,29,71,2024-01-12,21:00:00
286,28.3,0.54,13.0,29,71,2024-01-12,22:00:00
287,27.6,0.48,11.0,28,73,2024-01-12,23:00:00
288,31.8,0.49,11.0,28,78,2024-01-13,00:00:00
289,29.3,0.45,9.0,27,82,2024-01-13,01:00:00
290,30.8,0.51,8.0,27,85,2024-01-13,02:00:00
291,32.5,0.37,2.0,27,87,2024-01-13,03:00:00
292,24.2,0.38,2.0,27,83,2024-01-13,04:00:00
293,25.9,0.38,4.0,26,84,2024-01-13,05:00:00
294,26.8,0.46,9.0,26,87,2024-01-13,06:00:00
295,26.8,0.55,10.0,27,79,2024-01-13,07:00:00
296,29.6,0.45,7.0,29,70,2024-01-13,08:00:00
297,31.7,0.49,12.0,31,63,2024-01-13,09:00:00
298,30.5,0.47,6.0,31,61,2024-01-13,10:00:00
299,34.1,0.44,5.0,31,58,2024-01-13,11:00:00
300,28.2,0.44,4.0,33,52,2024-01-13,12:00:00
301,29.0,0.44,5.0,33,52,2024-01-13,13:00:00
302,29.8,0.5,5.29,34,50,2024-01-13,14:00:00
303,26.3,0.48,4.0,35,46,2024-01-13,15:00:00
304,26.4,0.45,4.0,35,45,2024-01-13,16:00:00
305,30.1,0.44,6.0,33,50,2024-01-13,17:00:00
306,28.0,0.52,9.0,31,64,2024-01-13,18:00:00
307,34.2,0.58,12.0,30,71,2024-01-13,19:00:00
308,38.0,0.53,10.0,29,73,2024-01-13,20:00:00
309,27.7,0.56,13.0,29,74,2024-01-13,21:00:00
310,35.1,0.59,15.0,29,75,2024-01-13,22:00:00
311,33.6,0.43,3.0,28,68,2024-01-13,23:00:00
312,24.2,0.39,2.0,28,66,2024-01-14,00:00:00
313,25.7,0.5,5.29,28,68,2024-01-14,01:00:00
314,28.1,0.39,0.0,27,67,2024-01-14,02:00:00
315,27.0,0.45,0.0,27,71,2024-01-14,03:00:00
316,24.6,0.41,0.0,27,75,2024-01-14,04:00:00
317,24.8,0.42,2.0,26,76,2024-01-14,05:00:00
318,26.9,0.38,2.0,26,76,2024-01-14,06:00:00
319,25.8,0.43,5.0,27,75,2024-01-14,07:00:00
320,30.7,0.48,4.0,29,66,2024-01-14,08:00:00
321,28.0,0.49,2.0,30,61,2024-01-14,09:00:00
322,43.8,0.48,3.0,32,55,2024-01-14,10:00:00
323,27.9,0.47,3.0,32,54,2024-01-14,11:00:00
324,31.8,0.49,4.0,33,53,2024-01-14,12:00:00
325,31.8,0.48,5.0,33,55,2024-01-14,13:00:00
326,33.9,0.45,1.0,32,57,2024-01-14,14:00:00
327,28.5,0.5,5.29,33,56,2024-01-14,15:00:00
328,28.9,0.46,2.0,33,54,2024-01-14,16:00:00
329,29.3,0.52,6.0,31,62,2024-01-14,17:00:00
330,31.7,0.65,10.0,30,64,2024-01-14,18:00:00
331,36.6,0.73,11.0,29,69,2024-01-14,19:00:00
332,47.6,0.64,11.0,29,68,2024-01-14,20:00:00
333,50.4,0.55,6.0,29,62,2024-01-14,21:00:00
334,41.3,0.57,15.0,29,64,2024-01-14,22:00:00
335,32.0,0.45,8.0,28,68,2024-01-14,23:00:00
336,35.5,0.41,2.0,27,71,2024-01-15,00:00:00
337,31.0,0.38,1.0,27,74,2024-01-15,01:00:00
338,32.8,0.42,0.0,27,76,2024-01-15,02:00:00
339,30.3,0.46,1.0,27,78,2024-01-15,03:00:00
340,26.7,0.39,0.0,26,78,2024-01-15,04:00:00
341,28.9,0.35,1.0,26,77,2024-01-15,05:00:00
342,29.4,0.42,4.0,26,78,2024-01-15,06:00:00
343,32.4,0.56,12.0,27,76,2024-01-15,07:00:00
344,35.6,0.54,6.0,29,69,2024-01-15,08:00:00
345,36.9,0.52,4.0,30,59,2024-01-15,09:00:00
346,31.4,0.49,4.0,32,54,2024-01-15,10:00:00
347,26.8,0.44,5.0,33,52,2024-01-15,11:00:00
348,27.6,0.43,4.0,33,51,2024-01-15,12:00:00
349,29.1,0.51,6.0,35,47,2024-01-15,13:00:00
350,28.9,0.49,5.0,35,45,2024-01-15,14:00:00
351,28.5,0.5,5.0,35,44,2024-01-15,15:00:00
352,27.1,0.5,5.29,35,44,2024-01-15,16:00:00
353,32.8,0.51,8.0,33,49,2024-01-15,17:00:00
354,30.8,0.6,13.0,32,56,2024-01-15,18:00:00
355,33.1,0.58,10.0,31,61,2024-01-15,19:00:00
356,38.6,0.57,9.0,30,64,2024-01-15,20:00:00
357,36.3,1.06,13.0,30,67,2024-01-15,21:00:00
358,36.2,0.51,5.0,29,66,2024-01-15,22:00:00
359,40.7,0.46,3.0,29,66,2024-01-15,23:00:00
360,35.6,0.47,1.0,29,69,2024-01-16,00:00:00
361,36.6,0.37,1.0,28,69,2024-01-16,01:00:00
362,23.2,0.38,0.0,27,70,2024-01-16,02:00:00
363,18.3,0.41,5.29,27,71,2024-01-16,03:00:00
364,17.5,0.43,0.0,27,72,2024-01-16,04:00:00
365,22.9,0.39,1.0,27,73,2024-01-16,05:00:00
366,23.3,0.45,5.0,27,76,2024-01-16,06:00:00
367,22.9,0.55,8.0,28,74,2024-01-16,07:00:00
368,31.1,0.58,8.0,30,64,2024-01-16,08:00:00
369,32.7,0.55,5.0,31,59,2024-01-16,09:00:00
370,27.3,0.52,4.0,33,53,2024-01-16,10:00:00
371,31.1,0.47,5.0,33,51,2024-01-16,11:00:00
372,31.0,0.48,5.0,34,49,2024-01-16,12:00:00
373,33.0,0.53,5.0,34,49,2024-01-16,13:00:00
374,34.4,0.49,6.0,35,47,2024-01-16,14:00:00
375,30.2,0.52,6.0,35,47,2024-01-16,15:00:00
376,28.3,0.5,6.0,34,52,2024-01-16,16:00:00
377,31.4,0.5,5.29,32,54,2024-01-16,17:00:00
378,23.3,0.51,7.0,31,60,2024-01-16,18:00:00
379,20.2,0.47,5.0,30,60,2024-01-16,19:00:00
380,23.2,0.49,4.0,29,73,2024-01-16,20:00:00
381,26.2,0.49,3.0,28,77,2024-01-16,21:00:00
382,21.0,0.45,2.0,28,78,2024-01-16,22:00:00
383,27.0,0.39,1.0,28,77,2024-01-16,23:00:00
384,27.6,0.44,1.0,28,78,2024-01-17,00:00:00
385,32.4,0.46,0.0,28,78,2024-01-17,01:00:00
386,38.8,0.49,0.0,28,78,2024-01-17,02:00:00
387,35.6,0.52,0.0,27,76,2024-01-17,03:00:00
388,32.6,0.48,0.0,27,73,2024-01-17,04:00:00
389,33.0,0.42,0.0,27,72,2024-01-17,05:00:00
390,30.6,0.43,2.0,27,73,2024-01-17,06:00:00
391,33.0,0.52,5.0,28,73,2024-01-17,07:00:00
392,32.7,0.5,5.0,29,68,2024-01-17,08:00:00
393,30.9,0.44,4.0,31,61,2024-01-17,09:00:00
394,28.8,0.39,4.0,32,58,2024-01-17,10:00:00
395,27.1,0.39,3.0,32,58,2024-01-17,11:00:00
396,20.3,0.42,2.0,33,52,2024-01-17,12:00:00
397,19.6,0.43,3.0,35,46,2024-01-17,13:00:00
398,20.8,0.39,4.0,35,48,2024-01-17,14:00:00
399,18.7,0.42,3.0,33,58,2024-01-17,15:00:00
400,18.2,0.4,4.0,34,56,2024-01-17,16:00:00
401,16.2,0.37,4.0,32,60,2024-01-17,17:00:00
402,18.8,0.5,5.29,30,64,2024-01-17,18:00:00
403,20.5,0.52,9.0,30,64,2024-01-17,19:00:00
404,21.0,0.44,8.0,29,67,2024-01-17,20:00:00
405,24.2,0.65,10.0,29,69,2024-01-17,21:00:00
406,24.8,0.48,5.0,29,72,2024-01-17,22:00:00
407,23.3,0.37,2.0,29,72,2024-01-17,23:00:00
408,29.6,0.37,0.0,29,71,2024-01-18,00:00:00
409,26.7,0.39,0.0,28,73,2024-01-18,01:00:00
410,27.3,0.41,5.29,28,74,2024-01-18,02:00:00
411,35.3,0.41,0.0,28,76,2024-01-18,03:00:00
412,30.7,0.4,0.0,27,77,2024-01-18,04:00:00
413,29.5,0.37,1.0,27,79,2024-01-18,05:00:00
414,30.7,0.42,5.0,27,81,2024-01-18,06:00:00
415,28.9,0.65,14.0,28,77,2024-01-18,07:00:00
416,27.2,0.5,6.0,30,65,2024-01-18,08:00:00
417,32.4,0.51,9.0,31,58,2024-01-18,09:00:00
418,32.2,0.47,5.0,32,54,2024-01-18,10:00:00
444,19.0,0.38,3.0,33,55,2024-01-19,12:00:00
445,22.2,0.43,3.0,34,49,2024-01-19,13:00:00
446,20.7,0.42,5.0,34,51,2024-01-19,14:00:00
447,22.9,0.49,6.0,35,49,2024-01-19,15:00:00
448,22.9,0.51,7.0,34,49,2024-01-19,16:00:00
593,12.1,0.5,7.0,32,57,2024-01-25,17:00:00
594,15.5,0.51,5.0,30,63,2024-01-25,18:00:00
595,26.2,0.47,4.0,30,66,2024-01-25,19:00:00
596,20.8,0.43,2.0,29,68,2024-01-25,20:00:00
597,21.9,0.4,1.0,29,69,2024-01-25,21:00:00
598,22.3,0.36,1.0,29,70,2024-01-25,22:00:00
599,23.3,0.36,0.0,28,71,2024-01-25,23:00:00
600,16.4,0.36,5.29,28,72,2024-01-26,00:00:00
601,25.5,0.38,5.29,28,73,2024-01-26,01:00:00
602,20.1,0.5,5.29,28,73,2024-01-26,02:00:00
603,19.1,0.37,5.29,28,73,2024-01-26,03:00:00
604,21.2,0.33,5.29,28,71,2024-01-26,04:00:00
605,21.1,0.34,5.29,28,69,2024-01-26,05:00:00
606,18.2,0.36,0.0,28,68,2024-01-26,06:00:00
607,20.7,0.51,4.0,28,68,2024-01-26,07:00:00
608,21.2,0.48,4.0,29,64,2024-01-26,08:00:00
609,23.0,0.49,3.0,30,61,2024-01-26,09:00:00
610,19.4,0.44,4.0,31,58,2024-01-26,10:00:00
611,19.1,0.51,5.0,33,51,2024-01-26,11:00:00
612,21.1,0.51,4.0,34,46,2024-01-26,12:00:00
613,22.3,0.47,4.0,35,45,2024-01-26,13:00:00
614,21.7,0.45,5.0,34,47,2024-01-26,14:00:00
615,19.5,0.47,7.0,33,49,2024-01-26,15:00:00
616,19.5,0.47,6.0,34,46,2024-01-26,16:00:00
617,17.5,0.57,8.0,32,54,2024-01-26,17:00:00
618,24.1,0.56,9.0,31,56,2024-01-26,18:00:00
619,34.0,0.58,11.0,30,59,2024-01-26,19:00:00
620,28.8,0.51,3.0,30,60,2024-01-26,20:00:00
621,28.4,0.48,5.0,29,62,2024-01-26,21:00:00
622,27.6,0.37,2.0,29,65,2024-01-26,22:00:00
623,24.1,0.38,0.0,28,67,2024-01-26,23:00:00
624,26.4,0.4,0.0,28,69,2024-01-27,00:00:00
625,25.0,0.38,5.29,28,71,2024-01-27,01:00:00
626,24.4,0.41,0.0,27,74,2024-01-27,02:00:00
627,22.9,0.5,5.29,27,76,2024-01-27,03:00:00
628,20.1,0.35,5.29,27,76,2024-01-27,04:00:00
629,22.1,0.33,0.0,27,74,2024-01-27,05:00:00
630,23.8,0.34,0.0,27,72,2024-01-27,06:00:00
631,23.4,0.44,2.0,28,69,2024-01-27,07:00:00
632,22.9,0.45,3.0,29,63,2024-01-27,08:00:00
633,22.8,0.41,3.0,31,60,2024-01-27,09:00:00
634,24.7,0.41,5.0,32,55,2024-01-27,10:00:00
635,23.2,0.47,3.0,33,53,2024-01-27,11:00:00
636,21.1,0.46,2.0,34,49,2024-01-27,12:00:00
637,20.6,0.41,3.0,35,46,2024-01-27,13:00:00
638,22.0,0.45,5.0,35,46,2024-01-27,14:00:00
639,22.7,0.46,9.0,35,45,2024-01-27,15:00:00
640,22.6,0.47,5.0,35,46,2024-01-27,16:00:00
641,20.7,0.55,7.0,33,51,2024-01-27,17:00:00
642,25.9,0.52,7.0,31,54,2024-01-27,18:00:00
643,27.6,0.49,5.0,30,56,2024-01-27,19:00:00
644,29.1,0.53,3.0,30,59,2024-01-27,20:00:00
645,31.1,0.48,3.0,29,61,2024-01-27,21:00:00
646,30.9,0.41,2.0,29,66,2024-01-27,22:00:00
647,28.8,0.39,1.0,28,68,2024-01-27,23:00:00
648,25.1,0.38,0.0,28,68,2024-01-28,00:00:00
649,22.9,0.41,5.29,27,70,2024-01-28,01:00:00
650,20.9,0.4,5.29,27,72,2024-01-28,02:00:00
651,21.0,0.44,5.29,27,75,2024-01-28,03:00:00
652,21.4,0.5,5.29,27,75,2024-01-28,04:00:00
653,23.7,0.33,0.0,27,75,2024-01-28,05:00:00
654,27.7,0.36,2.0,26,76,2024-01-28,06:00:00
655,27.7,0.47,3.0,27,74,2024-01-28,07:00:00
656,27.3,0.44,2.0,29,66,2024-01-28,08:00:00
657,25.1,0.47,5.0,31,61,2024-01-28,09:00:00
658,23.4,0.42,3.0,32,57,2024-01-28,10:00:00
659,23.6,0.48,3.0,33,55,2024-01-28,11:00:00
660,25.2,0.46,2.0,32,58,2024-01-28,12:00:00
661,19.4,0.43,1.0,32,59,2024-01-28,13:00:00
662,21.9,0.44,1.0,33,57,2024-01-28,14:00:00
663,19.1,0.4,1.0,33,54,2024-01-28,15:00:00
664,20.9,0.39,1.0,33,53,2024-01-28,16:00:00
665,21.1,0.43,2.0,32,58,2024-01-28,17:00:00
666,23.2,0.47,6.0,30,66,2024-01-28,18:00:00
667,27.2,0.56,11.0,30,69,2024-01-28,19:00:00
668,27.3,0.5,6.0,30,59,2024-01-28,20:00:00
669,26.0,0.48,3.0,29,60,2024-01-28,21:00:00
670,26.4,0.46,8.0,29,62,2024-01-28,22:00:00
671,28.4,0.44,6.0,28,63,2024-01-28,23:00:00
672,28.5,0.42,0.0,28,68,2024-01-29,00:00:00
673,24.8,0.4,5.29,28,70,2024-01-29,01:00:00
674,27.6,0.4,5.29,27,70,2024-01-29,02:00:00
675,24.2,0.42,5.29,27,71,2024-01-29,03:00:00
676,25.0,0.35,5.29,27,72,2024-01-29,04:00:00
677,22.1,0.5,5.29,27,73,2024-01-29,05:00:00
678,24.4,0.39,1.0,27,73,2024-01-29,06:00:00
679,25.4,0.52,5.0,27,71,2024-01-29,07:00:00
680,21.1,0.45,4.0,29,63,2024-01-29,08:00:00
681,22.3,0.49,4.0,30,58,2024-01-29,09:00:00
682,21.0,0.45,4.0,31,55,2024-01-29,10:00:00
683,21.5,0.52,4.0,32,54,2024-01-29,11:00:00
684,22.7,0.49,3.0,33,49,2024-01-29,12:00:00
685,20.9,0.45,5.0,34,46,2024-01-29,13:00:00
686,18.3,0.46,5.0,34,51,2024-01-29,14:00:00
687,24.3,0.48,3.0,34,49,2024-01-29,15:00:00
688,20.0,0.48,4.0,34,53,2024-01-29,16:00:00
689,23.1,0.48,4.0,32,62,2024-01-29,17:00:00
690,26.1,0.54,9.0,30,60,2024-01-29,18:00:00
691,24.4,0.51,6.0,31,51,2024-01-29,19:00:00
692,25.6,0.49,3.0,30,57,2024-01-29,20:00:00
693,23.9,0.45,2.0,29,61,2024-01-29,21:00:00
694,25.1,0.37,1.0,29,60,2024-01-29,22:00:00
695,30.1,0.38,1.0,28,63,2024-01-29,23:00:00
696,17.4,0.36,0.0,28,66,2024-01-30,00:00:00
697,21.7,0.4,5.29,27,67,2024-01-30,01:00:00
698,21.8,0.39,5.29,27,67,2024-01-30,02:00:00
699,23.2,0.39,5.29,27,70,2024-01-30,03:00:00
700,21.3,0.34,5.29,27,72,2024-01-30,04:00:00
701,24.8,0.34,5.29,27,73,2024-01-30,05:00:00
702,21.8,0.5,5.29,27,74,2024-01-30,06:00:00
703,18.9,0.54,6.0,27,71,2024-01-30,07:00:00
704,21.7,0.53,4.0,29,66,2024-01-30,08:00:00
705,25.0,0.64,6.0,30,60,2024-01-30,09:00:00
706,22.2,0.45,4.0,32,56,2024-01-30,10:00:00
707,25.0,0.46,4.0,33,48,2024-01-30,11:00:00
708,18.9,0.49,5.0,34,43,2024-01-30,12:00:00
709,18.5,0.48,6.0,35,40,2024-01-30,13:00:00
710,22.1,0.48,5.0,36,38,2024-01-30,14:00:00
711,23.6,0.51,7.0,36,41,2024-01-30,15:00:00
712,23.8,0.51,5.0,35,47,2024-01-30,16:00:00
713,26.0,0.53,4.0,33,56,2024-01-30,17:00:00
714,23.3,0.52,6.0,30,68,2024-01-30,18:00:00
715,19.9,0.5,7.0,29,74,2024-01-30,19:00:00
716,25.1,0.51,7.0,30,64,2024-01-30,20:00:00
717,27.7,0.46,3.0,30,54,2024-01-30,21:00:00
718,27.5,0.4,1.0,29,59,2024-01-30,22:00:00
719,25.4,0.39,0.0,28,65,2024-01-30,23:00:00
720,26.9,0.41,0.0,28,68,2024-01-31,00:00:00
721,26.0,0.42,0.0,27,72,2024-01-31,01:00:00
722,30.3,0.42,5.29,27,72,2024-01-31,02:00:00
723,24.4,0.41,0.0,27,70,2024-01-31,03:00:00
724,25.5,0.36,5.29,27,70,2024-01-31,04:00:00
725,22.2,0.34,0.0,27,70,2024-01-31,05:00:00
726,23.6,0.45,3.0,27,71,2024-01-31,06:00:00
727,26.0,0.5,5.29,27,69,2024-01-31,07:00:00
728,23.8,0.52,5.0,29,64,2024-01-31,08:00:00
729,25.9,0.5,4.0,30,59,2024-01-31,09:00:00
730,24.3,0.51,4.0,32,54,2024-01-31,10:00:00
731,26.8,0.54,4.0,33,50,2024-01-31,11:00:00
732,25.8,0.51,5.0,34,48,2024-01-31,12:00:00
733,31.2,0.5,6.0,34,47,2024-01-31,13:00:00
734,31.4,0.47,4.0,33,52,2024-01-31,14:00:00
735,23.9,0.44,2.0,33,50,2024-01-31,15:00:00
736,25.0,0.5,4.0,34,48,2024-01-31,16:00:00
737,26.9,0.54,10.0,33,52,2024-01-31,17:00:00
738,26.4,0.54,8.0,30,63,2024-01-31,18:00:00
739,28.1,0.54,7.0,29,68,2024-01-31,19:00:00
740,28.5,0.57,12.0,29,70,2024-01-31,20:00:00
741,36.7,0.51,8.0,29,70,2024-01-31,21:00:00
742,27.8,0.49,8.0,29,70,2024-01-31,22:00:00
743,30.8,0.48,4.0,28,72,2024-01-31,23:00:00
744,24.6,0.41,1.0,28,68,2024-02-01,00:00:00
745,23.4,0.42,1.0,27,70,2024-02-01,01:00:00
746,26.0,0.45,2.0,27,72,2024-02-01,02:00:00
747,22.9,0.4,4.0,27,72,2024-02-01,03:00:00
748,23.7,0.39,2.0,27,76,2024-02-01,04:00:00
749,24.6,0.38,0.0,27,78,2024-02-01,05:00:00
750,25.2,0.43,2.0,27,78,2024-02-01,06:00:00
751,26.1,0.57,5.0,27,72,2024-02-01,07:00:00
752,24.1,0.5,5.29,30,60,2024-02-01,08:00:00
753,26.0,0.52,8.0,31,55,2024-02-01,09:00:00
754,24.8,0.47,5.0,32,50,2024-02-01,10:00:00
755,32.1,0.47,5.0,33,49,2024-02-01,11:00:00
756,27.7,0.5,5.0,34,47,2024-02-01,12:00:00
757,27.9,0.52,5.0,35,44,2024-02-01,13:00:00
758,30.3,0.5,6.0,36,43,2024-02-01,14:00:00
759,32.0,0.51,6.0,36,41,2024-02-01,15:00:00
760,28.6,0.57,10.0,36,39,2024-02-01,16:00:00
761,30.7,0.64,9.0,35,45,2024-02-01,17:00:00
762,33.6,0.59,10.0,32,53,2024-02-01,18:00:00
763,28.4,0.77,21.0,31,55,2024-02-01,19:00:00
764,40.8,0.85,21.0,30,62,2024-02-01,20:00:00
765,44.5,0.77,21.0,29,67,2024-02-01,21:00:00
766,45.6,0.75,23.0,28,71,2024-02-01,22:00:00
767,38.0,0.57,13.0,28,69,2024-02-01,23:00:00
768,34.4,0.48,2.0,28,64,2024-02-02,00:00:00
769,29.1,0.46,2.0,28,64,2024-02-02,01:00:00
770,28.1,0.46,4.0,27,69,2024-02-02,02:00:00
771,26.1,0.47,8.0,27,75,2024-02-02,03:00:00
772,34.4,0.49,8.0,26,80,2024-02-02,04:00:00
773,29.3,0.5,9.0,26,82,2024-02-02,05:00:00
774,33.3,0.68,12.0,26,82,2024-02-02,06:00:00
775,33.9,1.05,19.0,26,80,2024-02-02,07:00:00
776,37.8,0.61,9.0,30,63,2024-02-02,08:00:00
777,33.9,0.5,5.29,31,54,2024-02-02,09:00:00
778,28.2,0.57,8.0,32,51,2024-02-02,10:00:00
779,26.7,0.57,6.0,33,50,2024-02-02,11:00:00
780,31.1,0.51,5.0,34,46,2024-02-02,12:00:00
781,28.3,0.52,5.0,35,48,2024-02-02,13:00:00
782,29.8,0.53,5.0,35,44,2024-02-02,14:00:00
783,27.9,0.48,5.0,36,41,2024-02-02,15:00:00
784,27.1,0.55,5.0,34,48,2024-02-02,16:00:00
785,25.7,0.64,13.0,33,54,2024-02-02,17:00:00
786,30.4,0.7,16.0,30,62,2024-02-02,18:00:00
787,33.8,0.67,14.0,30,66,2024-02-02,19:00:00
788,41.2,0.67,15.0,29,68,2024-02-02,20:00:00
789,36.2,0.61,11.0,29,69,2024-02-02,21:00:00
790,36.2,0.58,11.0,29,72,2024-02-02,22:00:00
791,34.2,0.56,9.0,29,71,2024-02-02,23:00:00
792,34.6,0.64,13.0,28,75,2024-02-03,00:00:00
793,33.5,0.64,9.0,28,77,2024-02-03,01:00:00
794,35.6,0.6,8.0,27,82,2024-02-03,02:00:00
795,32.3,0.46,4.0,27,82,2024-02-03,03:00:00
796,32.0,0.42,1.0,28,81,2024-02-03,04:00:00
797,26.4,0.4,2.0,27,81,2024-02-03,05:00:00
798,27.9,0.54,5.0,26,85,2024-02-03,06:00:00
799,28.2,0.62,6.0,27,80,2024-02-03,07:00:00
800,30.0,0.51,4.0,29,69,2024-02-03,08:00:00
801,26.6,0.54,4.0,31,60,2024-02-03,09:00:00
802,26.0,0.5,5.29,32,55,2024-02-03,10:00:00
803,30.2,0.49,3.0,33,52,2024-02-03,11:00:00
804,23.0,0.48,4.0,34,50,2024-02-03,12:00:00
805,27.0,0.51,3.0,34,49,2024-02-03,13:00:00
806,31.8,0.46,2.0,33,54,2024-02-03,14:00:00
807,26.3,0.46,3.0,34,49,2024-02-03,15:00:00
808,28.8,0.55,6.0,35,47,2024-02-03,16:00:00
809,29.2,0.55,7.0,33,54,2024-02-03,17:00:00
810,25.2,0.61,9.0,30,65,2024-02-03,18:00:00
811,29.3,0.85,26.0,30,70,2024-02-03,19:00:00
812,30.5,0.65,13.0,29,72,2024-02-03,20:00:00
813,26.8,0.57,12.0,29,71,2024-02-03,21:00:00
814,27.3,0.54,9.0,29,70,2024-02-03,22:00:00
815,28.5,0.55,9.0,29,73,2024-02-03,23:00:00
816,28.8,0.58,8.0,28,77,2024-02-04,00:00:00
817,28.3,0.59,9.0,28,84,2024-02-04,01:00:00
818,31.6,0.54,3.0,27,84,2024-02-04,02:00:00
819,31.3,0.45,4.0,27,84,2024-02-04,03:00:00
820,30.3,0.45,3.0,27,86,2024-02-04,04:00:00
821,31.8,0.53,13.0,27,89,2024-02-04,05:00:00
822,28.6,0.68,12.0,26,91,2024-02-04,06:00:00
823,33.2,0.7,11.0,27,86,2024-02-04,07:00:00
824,34.3,0.53,4.0,30,69,2024-02-04,08:00:00
825,32.5,0.51,4.0,31,59,2024-02-04,09:00:00
826,27.1,0.56,10.0,32,54,2024-02-04,10:00:00
827,28.6,0.5,5.29,33,51,2024-02-04,11:00:00
828,27.1,0.47,6.0,34,46,2024-02-04,12:00:00
829,23.5,0.5,6.0,36,42,2024-02-04,13:00:00
830,27.9,0.51,5.0,36,39,2024-02-04,14:00:00
831,29.8,0.5,5.0,36,39,2024-02-04,15:00:00
832,29.4,0.79,6.0,33,54,2024-02-04,16:00:00
833,40.4,0.93,10.0,32,59,2024-02-04,17:00:00
834,42.8,0.96,13.0,30,68,2024-02-04,18:00:00
835,51.1,1.04,17.0,30,71,2024-02-04,19:00:00
836,65.6,1.03,16.0,30,70,2024-02-04,20:00:00
837,63.3,0.79,11.0,29,71,2024-02-04,21:00:00
838,40.4,0.72,17.0,29,74,2024-02-04,22:00:00
839,40.3,0.63,13.0,29,75,2024-02-04,23:00:00
840,38.0,0.56,5.0,29,74,2024-02-05,00:00:00
841,35.3,0.57,3.0,29,71,2024-02-05,01:00:00
842,41.9,0.62,4.0,28,74,2024-02-05,02:00:00
843,37.2,0.67,4.0,28,75,2024-02-05,03:00:00
844,38.1,0.71,6.0,27,78,2024-02-05,04:00:00
845,38.4,0.68,8.0,27,80,2024-02-05,05:00:00
846,43.6,0.75,15.0,27,83,2024-02-05,06:00:00
847,40.7,0.93,18.0,28,82,2024-02-05,07:00:00
848,40.4,0.72,11.0,29,68,2024-02-05,08:00:00
849,39.7,0.6,8.0,31,62,2024-02-05,09:00:00
850,36.1,0.68,8.0,33,54,2024-02-05,10:00:00
851,33.7,0.61,6.0,33,53,2024-02-05,11:00:00
852,33.4,0.5,5.29,33,51,2024-02-05,12:00:00
853,32.9,0.58,4.0,34,51,2024-02-05,13:00:00
854,35.9,0.57,5.0,34,51,2024-02-05,14:00:00
855,31.6,0.56,7.0,35,50,2024-02-05,15:00:00
856,37.5,0.71,13.0,33,57,2024-02-05,16:00:00
857,38.8,0.73,13.0,32,59,2024-02-05,17:00:00
858,38.7,0.68,12.0,30,67,2024-02-05,18:00:00
859,39.4,0.68,9.0,29,68,2024-02-05,19:00:00
860,36.2,0.67,11.0,29,66,2024-02-05,20:00:00
861,33.8,0.53,9.0,29,69,2024-02-05,21:00:00
862,29.1,0.56,10.0,29,68,2024-02-05,22:00:00
863,26.0,0.58,8.0,29,71,2024-02-05,23:00:00
864,28.8,0.64,9.0,29,74,2024-02-06,00:00:00
865,28.3,0.55,8.0,28,78,2024-02-06,01:00:00
866,31.6,0.56,7.0,28,81,2024-02-06,02:00:00
867,29.1,0.52,7.0,27,82,2024-02-06,03:00:00
868,32.9,0.5,5.0,27,83,2024-02-06,04:00:00
869,29.5,0.53,6.0,27,82,2024-02-06,05:00:00
870,33.1,0.67,11.0,27,84,2024-02-06,06:00:00
871,33.9,0.98,18.0,27,81,2024-02-06,07:00:00
872,38.1,0.85,15.0,29,73,2024-02-06,08:00:00
873,41.1,0.63,5.0,32,66,2024-02-06,09:00:00
874,37.9,0.64,7.0,31,69,2024-02-06,10:00:00
875,39.1,0.61,4.0,31,70,2024-02-06,11:00:00
876,37.3,0.57,3.0,32,64,2024-02-06,12:00:00
877,31.7,0.5,5.29,33,60,2024-02-06,13:00:00
878,35.4,0.53,4.0,33,59,2024-02-06,14:00:00
879,35.2,0.59,8.0,33,58,2024-02-06,15:00:00
880,41.2,0.73,12.0,33,57,2024-02-06,16:00:00
881,41.7,0.78,16.0,32,61,2024-02-06,17:00:00
882,43.9,0.75,16.0,30,67,2024-02-06,18:00:00
883,41.5,0.73,13.0,30,69,2024-02-06,19:00:00
884,37.2,0.7,12.0,29,70,2024-02-06,20:00:00
885,43.8,0.59,9.0,29,74,2024-02-06,21:00:00
886,42.8,0.57,5.0,29,75,2024-02-06,22:00:00
887,42.8,0.55,3.0,29,76,2024-02-06,23:00:00
888,47.2,0.54,4.0,29,77,2024-02-07,00:00:00
889,43.2,0.53,5.0,29,75,2024-02-07,01:00:00
890,41.8,0.59,6.0,28,79,2024-02-07,02:00:00
891,43.1,0.51,5.0,28,81,2024-02-07,03:00:00
892,40.6,0.49,4.0,28,79,2024-02-07,04:00:00
893,41.2,0.57,8.0,28,82,2024-02-07,05:00:00
894,58.6,0.79,17.0,27,86,2024-02-07,06:00:00
895,43.4,0.9,16.0,28,76,2024-02-07,07:00:00
896,35.1,0.63,10.0,31,61,2024-02-07,08:00:00
897,31.3,0.49,5.0,31,58,2024-02-07,09:00:00
898,28.0,0.55,4.0,33,56,2024-02-07,10:00:00
899,26.0,0.55,7.0,34,52,2024-02-07,11:00:00
900,26.5,0.52,5.0,35,46,2024-02-07,12:00:00
901,31.5,0.53,6.0,36,39,2024-02-07,13:00:00
902,30.9,0.5,5.29,36,41,2024-02-07,14:00:00
903,36.6,0.55,7.0,37,38,2024-02-07,15:00:00
904,33.7,0.69,12.0,36,43,2024-02-07,16:00:00
905,36.0,0.78,13.0,33,60,2024-02-07,17:00:00
906,35.0,0.72,11.0,30,67,2024-02-07,18:00:00
907,37.9,0.74,12.0,30,70,2024-02-07,19:00:00
908,42.7,0.64,8.0,30,72,2024-02-07,20:00:00
909,41.1,0.56,7.0,30,73,2024-02-07,21:00:00
910,37.7,0.58,6.0,30,74,2024-02-07,22:00:00
911,41.4,0.56,6.0,29,75,2024-02-07,23:00:00
912,38.3,0.5,4.0,29,75,2024-02-08,00:00:00
913,40.2,0.53,5.0,29,78,2024-02-08,01:00:00
914,37.6,0.53,4.0,29,81,2024-02-08,02:00:00
915,39.2,0.51,5.0,28,84,2024-02-08,03:00:00
916,36.6,0.54,8.0,28,86,2024-02-08,04:00:00
917,42.2,0.63,10.0,27,88,2024-02-08,05:00:00
918,44.4,0.69,11.0,27,89,2024-02-08,06:00:00
919,35.7,0.9,15.0,28,86,2024-02-08,07:00:00
920,71.1,0.77,13.0,30,74,2024-02-08,08:00:00
921,27.59,0.53,6.0,32,64,2024-02-08,09:00:00
922,37.4,0.52,7.0,33,58,2024-02-08,10:00:00
923,30.4,0.55,7.0,34,54,2024-02-08,11:00:00
924,35.4,0.51,6.0,35,51,2024-02-08,12:00:00
925,35.2,0.53,6.0,36,46,2024-02-08,13:00:00
926,34.3,0.5,8.0,35,51,2024-02-08,14:00:00
927,30.1,0.5,5.29,33,60,2024-02-08,15:00:00
928,35.0,0.72,13.0,33,59,2024-02-08,16:00:00
929,33.2,0.73,14.0,32,59,2024-02-08,17:00:00
930,39.8,0.67,16.0,31,62,2024-02-08,18:00:00
931,35.1,0.63,12.0,30,64,2024-02-08,19:00:00
932,36.0,0.59,10.0,30,54,2024-02-08,20:00:00
933,24.4,0.53,11.0,30,48,2024-02-08,21:00:00
934,25.2,0.54,9.0,30,53,2024-02-08,22:00:00
935,24.7,0.51,7.0,30,57,2024-02-08,23:00:00
936,24.7,0.55,9.0,30,60,2024-02-09,00:00:00
937,29.2,0.55,6.0,29,64,2024-02-09,01:00:00
938,27.3,0.59,5.0,29,67,2024-02-09,02:00:00
939,31.6,0.53,10.0,28,72,2024-02-09,03:00:00
940,26.6,0.52,7.0,28,74,2024-02-09,04:00:00
941,24.4,0.55,7.0,28,76,2024-02-09,05:00:00
942,28.0,0.75,15.0,28,80,2024-02-09,06:00:00
943,33.2,0.79,14.0,28,80,2024-02-09,07:00:00
944,33.8,0.52,7.0,31,63,2024-02-09,08:00:00
945,26.7,0.48,4.0,32,58,2024-02-09,09:00:00
946,26.4,0.55,5.0,32,58,2024-02-09,10:00:00
947,28.1,0.52,5.0,33,55,2024-02-09,11:00:00
948,33.8,0.46,3.0,33,59,2024-02-09,12:00:00
949,29.5,0.47,3.0,33,56,2024-02-09,13:00:00
950,30.3,0.47,3.0,34,49,2024-02-09,14:00:00
951,32.5,0.52,5.0,35,47,2024-02-09,15:00:00
952,36.7,0.5,5.29,35,50,2024-02-09,16:00:00
953,39.9,0.61,10.0,32,60,2024-02-09,17:00:00
954,36.4,0.64,13.0,31,65,2024-02-09,18:00:00
955,39.4,0.64,15.0,30,72,2024-02-09,19:00:00
956,42.1,0.52,6.0,30,73,2024-02-09,20:00:00
957,36.4,0.52,14.0,30,73,2024-02-09,21:00:00
958,36.5,0.55,11.0,29,81,2024-02-09,22:00:00
959,38.8,0.47,3.0,29,77,2024-02-09,23:00:00
960,29.4,0.44,1.0,29,66,2024-02-10,00:00:00
961,34.8,0.39,0.0,28,67,2024-02-10,01:00:00
962,34.7,0.4,0.0,28,70,2024-02-10,02:00:00
963,27.3,0.33,5.29,28,71,2024-02-10,03:00:00
964,27.5,0.33,5.29,28,72,2024-02-10,04:00:00
965,27.7,0.36,1.0,27,76,2024-02-10,05:00:00
966,30.4,0.43,2.0,27,77,2024-02-10,06:00:00
967,27.4,0.42,2.0,28,73,2024-02-10,07:00:00
968,26.8,0.38,2.0,30,65,2024-02-10,08:00:00
969,24.8,0.39,2.0,31,61,2024-02-10,09:00:00
970,25.5,0.42,4.0,32,56,2024-02-10,10:00:00
971,25.5,0.43,8.0,33,51,2024-02-10,11:00:00
972,27.1,0.4,4.0,33,55,2024-02-10,12:00:00
973,25.9,0.4,2.0,32,60,2024-02-10,13:00:00
974,27.1,0.42,2.0,33,56,2024-02-10,14:00:00
975,26.4,0.45,3.0,34,52,2024-02-10,15:00:00
976,30.8,0.49,3.0,34,53,2024-02-10,16:00:00
977,30.3,0.5,5.29,33,57,2024-02-10,17:00:00
978,27.6,0.49,11.0,31,63,2024-02-10,18:00:00
979,30.9,0.59,5.0,31,56,2024-02-10,19:00:00
980,30.7,0.46,3.0,31,57,2024-02-10,20:00:00
981,30.9,0.43,3.0,30,61,2024-02-10,21:00:00
982,29.0,0.45,2.0,29,62,2024-02-10,22:00:00
983,29.8,0.42,1.0,29,61,2024-02-10,23:00:00
984,33.6,0.41,0.0,29,65,2024-02-11,00:00:00
985,31.6,0.4,0.0,28,66,2024-02-11,01:00:00
986,24.3,0.4,5.29,28,67,2024-02-11,02:00:00
987,28.3,0.38,5.29,28,66,2024-02-11,03:00:00
988,26.2,0.39,5.29,28,66,2024-02-11,04:00:00
989,23.3,0.43,5.29,28,69,2024-02-11,05:00:00
990,28.0,0.43,1.0,27,71,2024-02-11,06:00:00
991,25.9,0.51,3.0,28,71,2024-02-11,07:00:00
992,29.4,0.5,4.0,29,65,2024-02-11,08:00:00
993,28.2,0.5,4.0,31,61,2024-02-11,09:00:00
994,22.2,0.54,3.0,32,56,2024-02-11,10:00:00
995,18.5,0.51,3.0,32,54,2024-02-11,11:00:00
996,24.1,0.5,3.0,33,54,2024-02-11,12:00:00
997,31.0,0.51,4.0,34,49,2024-02-11,13:00:00
998,27.1,0.48,5.0,35,45,2024-02-11,14:00:00
999,25.3,0.56,3.0,35,42,2024-02-11,15:00:00
1000,28.2,0.6,3.0,35,43,2024-02-11,16:00:00
1001,31.0,0.52,5.0,33,49,2024-02-11,17:00:00
1002,34.5,0.5,5.29,31,51,2024-02-11,18:00:00
1003,35.1,0.53,5.0,30,53,2024-02-11,19:00:00
1004,36.8,0.5,5.0,30,55,2024-02-11,20:00:00
1005,33.4,0.46,5.0,29,59,2024-02-11,21:00:00
1006,32.3,0.55,8.0,29,61,2024-02-11,22:00:00
1007,25.6,0.5,4.0,28,64,2024-02-11,23:00:00
1008,30.9,0.46,0.0,28,66,2024-02-12,00:00:00
1009,28.6,0.46,5.29,28,68,2024-02-12,01:00:00
1010,24.6,0.46,5.29,27,70,2024-02-12,02:00:00
1011,22.8,0.43,0.0,27,71,2024-02-12,03:00:00
1012,29.5,0.41,5.29,27,72,2024-02-12,04:00:00
1013,27.8,0.46,0.0,27,74,2024-02-12,05:00:00
1014,31.4,0.51,2.0,27,74,2024-02-12,06:00:00
1015,28.9,0.68,9.0,27,72,2024-02-12,07:00:00
1016,29.3,0.53,6.0,29,65,2024-02-12,08:00:00
1017,30.1,0.56,5.0,31,61,2024-02-12,09:00:00
1018,28.2,0.56,5.0,31,57,2024-02-12,10:00:00
1019,33.0,0.59,6.0,32,55,2024-02-12,11:00:00
1020,30.5,0.61,4.0,33,49,2024-02-12,12:00:00
1021,32.3,0.56,6.0,35,44,2024-02-12,13:00:00
1022,31.3,0.56,8.0,36,40,2024-02-12,14:00:00
1023,31.2,0.61,6.0,35,43,2024-02-12,15:00:00
1024,34.7,0.72,12.0,33,52,2024-02-12,16:00:00
1025,30.3,0.7,16.0,32,56,2024-02-12,17:00:00
1026,36.8,0.67,12.0,31,53,2024-02-12,18:00:00
1027,36.0,0.5,5.29,30,57,2024-02-12,19:00:00
1028,33.8,0.65,25.0,29,67,2024-02-12,20:00:00
1029,32.3,0.68,26.0,29,67,2024-02-12,21:00:00
1030,34.1,0.62,14.0,29,64,2024-02-12,22:00:00
1031,35.2,0.6,10.0,28,67,2024-02-12,23:00:00
1032,33.0,0.55,5.0,27,70,2024-02-13,00:00:00
1033,32.3,0.54,2.0,27,71,2024-02-13,01:00:00
1034,33.9,0.54,1.0,27,69,2024-02-13,02:00:00
1035,23.8,0.48,1.0,27,68,2024-02-13,03:00:00
1036,27.9,0.47,0.0,27,69,2024-02-13,04:00:00
1037,26.8,0.51,1.0,27,72,2024-02-13,05:00:00
1038,26.5,0.56,3.0,27,72,2024-02-13,06:00:00
1039,26.5,0.65,5.0,27,71,2024-02-13,07:00:00
1040,26.2,0.58,6.0,29,63,2024-02-13,08:00:00
1041,25.0,0.58,4.0,31,58,2024-02-13,09:00:00
1042,24.9,0.58,4.0,32,55,2024-02-13,10:00:00
1043,25.7,0.55,4.0,33,52,2024-02-13,11:00:00
1044,24.1,0.55,3.0,34,47,2024-02-13,12:00:00
1045,21.9,0.55,3.0,35,42,2024-02-13,13:00:00
1046,22.2,0.53,4.0,36,40,2024-02-13,14:00:00
1047,24.9,0.62,8.0,36,39,2024-02-13,15:00:00
1048,25.6,0.64,7.0,35,42,2024-02-13,16:00:00
1049,23.8,0.61,8.0,34,48,2024-02-13,17:00:00
1050,28.0,0.66,10.0,32,52,2024-02-13,18:00:00
1051,31.2,0.64,5.0,31,50,2024-02-13,19:00:00
1052,32.1,0.5,5.29,31,52,2024-02-13,20:00:00
1053,29.5,0.58,5.0,30,57,2024-02-13,21:00:00
1054,30.8,0.59,2.0,29,59,2024-02-13,22:00:00
1055,32.9,0.57,1.0,29,62,2024-02-13,23:00:00
1056,33.5,0.54,0.0,28,67,2024-02-14,00:00:00
1057,29.2,0.5,5.29,28,71,2024-02-14,01:00:00
1058,32.4,0.51,0.0,28,71,2024-02-14,02:00:00
1059,33.5,0.52,0.0,27,72,2024-02-14,03:00:00
1060,35.9,0.53,0.0,27,72,2024-02-14,04:00:00
1061,36.2,0.56,0.0,27,73,2024-02-14,05:00:00
1062,42.9,0.63,2.0,27,72,2024-02-14,06:00:00
1063,35.6,0.79,11.0,28,71,2024-02-14,07:00:00
1064,36.3,0.6,6.0,30,62,2024-02-14,08:00:00
1065,31.8,0.57,6.0,31,59,2024-02-14,09:00:00
1066,24.1,0.72,8.0,33,54,2024-02-14,10:00:00
1067,32.4,0.53,4.0,33,52,2024-02-14,11:00:00
1068,22.1,0.52,4.0,34,49,2024-02-14,12:00:00
1069,26.3,0.53,4.0,35,48,2024-02-14,13:00:00
1070,21.2,0.52,7.0,36,46,2024-02-14,14:00:00
1071,24.1,0.56,5.0,36,46,2024-02-14,15:00:00
1072,26.5,0.55,7.0,35,46,2024-02-14,16:00:00
1073,23.7,0.54,10.0,35,47,2024-02-14,17:00:00
1074,24.4,0.54,8.0,32,53,2024-02-14,18:00:00
1075,25.3,0.59,8.0,32,57,2024-02-14,19:00:00
1076,22.6,0.49,7.0,31,60,2024-02-14,20:00:00
1077,25.2,0.5,5.29,30,61,2024-02-14,21:00:00
1078,26.2,0.46,3.0,29,64,2024-02-14,22:00:00
1079,20.0,0.48,5.0,29,66,2024-02-14,23:00:00
1080,23.0,0.44,0.0,29,69,2024-02-15,00:00:00
1081,24.3,0.46,0.0,28,71,2024-02-15,01:00:00
1082,24.8,0.38,5.29,28,74,2024-02-15,02:00:00
1083,24.9,0.38,0.0,28,73,2024-02-15,03:00:00
1084,26.4,0.39,5.29,28,74,2024-02-15,04:00:00
1085,26.9,0.44,5.29,28,73,2024-02-15,05:00:00
1086,23.7,0.46,1.0,28,70,2024-02-15,06:00:00
1087,24.3,0.56,4.0,28,65,2024-02-15,07:00:00
1088,26.9,0.5,4.0,31,58,2024-02-15,08:00:00
1089,27.7,0.54,4.0,32,56,2024-02-15,09:00:00
1090,23.0,0.52,3.0,34,52,2024-02-15,10:00:00
1091,23.6,0.49,5.0,35,48,2024-02-15,11:00:00
1092,20.7,0.51,5.0,35,45,2024-02-15,12:00:00
1093,23.4,0.51,9.0,37,40,2024-02-15,13:00:00
1094,20.5,0.52,11.0,37,40,2024-02-15,14:00:00
1095,21.4,0.6,8.0,37,43,2024-02-15,15:00:00
1096,24.2,0.53,4.0,35,52,2024-02-15,16:00:00
1097,27.2,0.51,7.0,34,54,2024-02-15,17:00:00
1098,24.4,0.56,7.0,33,50,2024-02-15,18:00:00
1099,25.0,0.58,7.0,32,53,2024-02-15,19:00:00
1100,24.4,0.48,4.0,31,54,2024-02-15,20:00:00
1101,29.1,0.47,2.0,31,59,2024-02-15,21:00:00
1102,25.8,0.5,5.29,30,65,2024-02-15,22:00:00
1103,28.6,0.51,5.0,29,63,2024-02-15,23:00:00
1104,25.0,0.42,1.0,29,64,2024-02-16,00:00:00
1105,24.5,0.42,2.0,28,68,2024-02-16,01:00:00
1106,23.3,0.37,0.0,28,68,2024-02-16,02:00:00
1107,27.4,0.36,5.29,28,68,2024-02-16,03:00:00
1108,21.6,0.4,0.0,28,69,2024-02-16,04:00:00
1109,27.9,0.43,1.0,27,69,2024-02-16,05:00:00
1110,27.1,0.47,2.0,27,70,2024-02-16,06:00:00
1111,25.9,0.6,7.0,28,68,2024-02-16,07:00:00
1112,24.9,0.44,2.0,30,62,2024-02-16,08:00:00
1113,28.5,0.5,4.0,31,58,2024-02-16,09:00:00
1114,26.3,0.51,3.0,33,52,2024-02-16,10:00:00
1115,24.5,0.5,4.0,33,50,2024-02-16,11:00:00
1116,26.6,0.49,4.0,34,47,2024-02-16,12:00:00
1117,30.6,0.49,5.0,35,45,2024-02-16,13:00:00
1118,32.4,0.51,5.0,34,50,2024-02-16,14:00:00
1119,28.1,0.59,5.0,35,53,2024-02-16,15:00:00
1120,31.7,0.51,2.0,33,56,2024-02-16,16:00:00
1121,30.0,0.51,3.0,33,58,2024-02-16,17:00:00
1122,26.5,0.54,5.0,31,67,2024-02-16,18:00:00
1123,28.9,0.68,8.0,30,68,2024-02-16,19:00:00
1124,33.2,0.58,6.0,31,60,2024-02-16,20:00:00
1125,31.0,0.57,4.0,30,61,2024-02-16,21:00:00
1126,37.6,0.55,6.0,30,65,2024-02-16,22:00:00
1127,39.7,0.5,5.29,29,66,2024-02-16,23:00:00
1128,31.3,0.49,5.0,29,68,2024-02-17,00:00:00
1129,28.5,0.46,2.0,28,69,2024-02-17,01:00:00
1130,28.6,0.42,2.0,28,69,2024-02-17,02:00:00
1131,25.2,0.41,0.0,28,69,2024-02-17,03:00:00
1132,26.6,0.38,5.29,27,70,2024-02-17,04:00:00
1133,22.7,0.43,1.0,27,71,2024-02-17,05:00:00
1134,25.8,0.47,2.0,27,73,2024-02-17,06:00:00
1135,22.7,0.5,3.0,28,69,2024-02-17,07:00:00
1136,21.3,0.47,3.0,30,62,2024-02-17,08:00:00
1137,25.1,0.49,3.0,31,57,2024-02-17,09:00:00
1138,23.9,0.52,4.0,32,54,2024-02-17,10:00:00
1139,27.4,0.47,5.0,32,55,2024-02-17,11:00:00
1140,27.1,0.47,4.0,33,53,2024-02-17,12:00:00
1141,28.2,0.48,4.0,35,45,2024-02-17,13:00:00
1142,32.7,0.52,5.0,36,42,2024-02-17,14:00:00
1143,28.5,0.63,5.0,36,42,2024-02-17,15:00:00
1144,27.6,0.54,6.0,37,36,2024-02-17,16:00:00
1145,33.8,0.5,4.0,34,49,2024-02-17,17:00:00
1146,29.3,0.52,5.0,32,56,2024-02-17,18:00:00
1147,30.8,0.57,6.0,31,58,2024-02-17,19:00:00
1148,32.5,0.58,7.0,31,58,2024-02-17,20:00:00
1149,32.6,0.59,4.0,30,56,2024-02-17,21:00:00
1150,34.9,0.53,3.0,30,58,2024-02-17,22:00:00
1151,31.4,0.56,8.0,29,64,2024-02-17,23:00:00
1152,32.0,0.5,5.29,28,64,2024-02-18,00:00:00
1153,31.6,0.47,8.0,28,62,2024-02-18,01:00:00
1154,31.1,0.39,3.0,28,64,2024-02-18,02:00:00
1155,29.5,0.37,4.0,27,63,2024-02-18,03:00:00
1156,22.8,0.39,8.0,27,63,2024-02-18,04:00:00
1157,24.4,0.42,2.0,27,65,2024-02-18,05:00:00
1158,29.4,0.41,3.0,27,66,2024-02-18,06:00:00
1159,28.7,0.4,3.0,28,63,2024-02-18,07:00:00
1160,28.4,0.4,3.0,30,57,2024-02-18,08:00:00
1161,24.5,0.5,3.0,31,55,2024-02-18,09:00:00
1162,22.3,0.48,4.0,32,50,2024-02-18,10:00:00
1163,27.0,0.46,5.0,33,48,2024-02-18,11:00:00
1164,29.5,0.48,6.0,34,47,2024-02-18,12:00:00
1165,27.5,0.48,4.0,35,44,2024-02-18,13:00:00
1166,28.1,0.5,5.0,36,40,2024-02-18,14:00:00
1167,27.4,0.54,3.0,37,37,2024-02-18,15:00:00
1168,27.3,0.5,3.0,37,36,2024-02-18,16:00:00
1169,32.5,0.57,6.0,34,46,2024-02-18,17:00:00
1170,31.6,0.91,13.0,31,59,2024-02-18,18:00:00
1171,27.59,1.0,19.0,30,61,2024-02-18,19:00:00
1172,27.59,0.81,14.0,30,63,2024-02-18,20:00:00
1173,51.0,0.77,13.0,30,66,2024-02-18,21:00:00
1174,40.9,0.71,15.0,29,67,2024-02-18,22:00:00
1175,29.9,0.5,6.0,29,69,2024-02-18,23:00:00
1176,30.3,0.42,2.0,28,75,2024-02-19,00:00:00
1177,31.0,0.5,5.29,28,75,2024-02-19,01:00:00
1178,18.4,0.37,0.0,28,74,2024-02-19,02:00:00
1179,25.2,0.38,0.0,28,74,2024-02-19,03:00:00
1180,24.7,0.39,0.0,28,74,2024-02-19,04:00:00
1181,30.9,0.41,0.0,27,76,2024-02-19,05:00:00
1182,26.3,0.52,2.0,27,77,2024-02-19,06:00:00
1183,28.8,0.62,7.0,28,72,2024-02-19,07:00:00
1184,24.5,0.48,4.0,31,62,2024-02-19,08:00:00
1185,22.1,0.5,4.0,32,58,2024-02-19,09:00:00
1186,26.8,0.48,4.0,33,55,2024-02-19,10:00:00
1187,23.1,0.5,5.0,33,55,2024-02-19,11:00:00
1188,24.8,0.46,4.0,33,55,2024-02-19,12:00:00
1189,22.3,0.47,3.0,33,56,2024-02-19,13:00:00
1190,23.7,0.54,3.0,35,52,2024-02-19,14:00:00
1191,22.5,0.5,3.0,34,53,2024-02-19,15:00:00
1192,23.2,0.45,5.0,34,56,2024-02-19,16:00:00
1193,24.0,0.59,11.0,32,60,2024-02-19,17:00:00
1194,25.1,0.62,13.0,31,66,2024-02-19,18:00:00
1195,26.0,0.52,8.0,30,72,2024-02-19,19:00:00
1196,26.8,0.52,8.0,29,72,2024-02-19,20:00:00
1197,32.1,0.49,5.0,30,71,2024-02-19,21:00:00
1198,29.2,0.45,3.0,30,71,2024-02-19,22:00:00
1199,25.2,0.4,2.0,30,71,2024-02-19,23:00:00
1200,28.3,0.41,2.0,30,74,2024-02-20,00:00:00
1201,21.8,0.36,0.0,29,76,2024-02-20,01:00:00
1202,24.6,0.5,5.29,29,78,2024-02-20,02:00:00
1203,17.8,0.41,1.0,28,77,2024-02-20,03:00:00
1204,21.3,0.41,0.0,28,78,2024-02-20,04:00:00
1205,22.7,0.42,2.0,28,82,2024-02-20,05:00:00
1206,21.0,0.49,6.0,28,83,2024-02-20,06:00:00
1207,21.5,0.61,7.0,29,79,2024-02-20,07:00:00
1208,24.2,0.5,5.0,30,69,2024-02-20,08:00:00
1209,23.1,0.47,4.0,32,61,2024-02-20,09:00:00
1210,22.4,0.47,6.0,33,56,2024-02-20,10:00:00
1211,20.0,0.46,3.0,34,51,2024-02-20,11:00:00
1212,22.8,0.46,4.0,35,48,2024-02-20,12:00:00
1213,17.1,0.47,4.0,36,44,2024-02-20,13:00:00
1214,18.2,0.53,4.0,36,46,2024-02-20,14:00:00
1215,18.9,0.46,2.0,34,50,2024-02-20,15:00:00
1216,21.0,0.5,7.0,34,55,2024-02-20,16:00:00
1217,20.1,0.58,9.0,33,61,2024-02-20,17:00:00
1218,27.0,0.6,11.0,31,70,2024-02-20,18:00:00
1219,26.3,0.54,10.0,30,73,2024-02-20,19:00:00
1220,24.3,0.53,9.0,30,75,2024-02-20,20:00:00
1221,28.1,0.51,7.0,29,75,2024-02-20,21:00:00
1222,24.6,0.47,4.0,30,74,2024-02-20,22:00:00
1223,23.0,0.45,3.0,30,75,2024-02-20,23:00:00
1224,21.1,0.44,2.0,29,73,2024-02-21,00:00:00
1225,25.0,0.37,1.0,29,73,2024-02-21,01:00:00
1226,21.8,0.4,1.0,29,78,2024-02-21,02:00:00
1227,20.6,0.5,5.29,29,81,2024-02-21,03:00:00
1228,20.3,0.43,2.0,28,84,2024-02-21,04:00:00
1229,24.7,0.44,2.0,28,85,2024-02-21,05:00:00
1230,25.8,0.56,4.0,28,84,2024-02-21,06:00:00
1231,23.9,0.74,10.0,29,83,2024-02-21,07:00:00
1232,29.1,0.63,6.0,31,72,2024-02-21,08:00:00
1233,26.0,0.52,5.0,31,69,2024-02-21,09:00:00
1234,25.3,0.51,6.0,33,60,2024-02-21,10:00:00
1235,23.1,0.52,6.0,35,54,2024-02-21,11:00:00
1236,24.5,0.48,3.0,33,60,2024-02-21,12:00:00
1237,18.9,0.5,2.0,33,61,2024-02-21,13:00:00
1238,18.8,0.55,3.0,34,58,2024-02-21,14:00:00
1239,24.5,0.54,8.0,33,60,2024-02-21,15:00:00
1240,21.8,0.8,10.0,32,62,2024-02-21,16:00:00
1241,25.7,0.7,9.0,32,64,2024-02-21,17:00:00
1242,22.5,0.6,8.0,30,71,2024-02-21,18:00:00
1243,30.3,0.57,8.0,30,74,2024-02-21,19:00:00
1244,27.7,0.57,10.0,30,75,2024-02-21,20:00:00
1245,30.7,0.54,5.0,29,76,2024-02-21,21:00:00
1246,31.4,0.5,4.0,29,76,2024-02-21,22:00:00
1247,32.2,0.46,2.0,29,76,2024-02-21,23:00:00
1248,31.0,0.43,1.0,29,76,2024-02-22,00:00:00
1249,29.8,0.43,2.0,29,78,2024-02-22,01:00:00
1250,30.6,0.45,1.0,29,79,2024-02-22,02:00:00
1251,27.8,0.43,0.0,29,75,2024-02-22,03:00:00
1252,28.3,0.5,5.29,28,69,2024-02-22,04:00:00
1253,17.4,0.45,1.0,28,73,2024-02-22,05:00:00
1254,23.8,0.47,3.0,28,75,2024-02-22,06:00:00
1255,22.4,0.61,9.0,29,73,2024-02-22,07:00:00
1256,22.3,0.53,5.0,31,63,2024-02-22,08:00:00
1257,16.4,0.53,5.0,32,58,2024-02-22,09:00:00
1258,22.9,0.49,5.0,34,54,2024-02-22,10:00:00
1259,22.4,0.5,5.0,34,51,2024-02-22,11:00:00
1260,19.1,0.48,4.0,34,47,2024-02-22,12:00:00
1261,18.6,0.5,3.0,34,49,2024-02-22,13:00:00
1262,22.6,0.56,3.0,34,46,2024-02-22,14:00:00
1263,22.3,0.5,5.0,36,39,2024-02-22,15:00:00
1264,24.2,0.5,8.0,36,40,2024-02-22,16:00:00
1265,26.2,0.57,10.0,35,46,2024-02-22,17:00:00
1266,23.0,0.64,15.0,32,58,2024-02-22,18:00:00
1267,26.5,0.56,11.0,30,67,2024-02-22,19:00:00
1268,28.9,0.59,10.0,30,69,2024-02-22,20:00:00
1269,26.2,0.51,6.0,30,71,2024-02-22,21:00:00
1270,28.0,0.49,5.0,30,74,2024-02-22,22:00:00
1271,26.5,0.51,6.0,30,76,2024-02-22,23:00:00
1272,26.4,0.48,2.0,30,74,2024-02-23,00:00:00
1273,26.9,0.41,5.29,29,73,2024-02-23,01:00:00
1274,20.9,0.45,0.0,29,78,2024-02-23,02:00:00
1275,23.2,0.42,5.29,29,72,2024-02-23,03:00:00
1276,20.6,0.41,5.29,28,69,2024-02-23,04:00:00
1277,14.9,0.5,5.29,28,72,2024-02-23,05:00:00
1278,18.8,0.46,2.0,28,74,2024-02-23,06:00:00
1279,19.8,0.56,7.0,28,73,2024-02-23,07:00:00
1280,20.0,0.45,2.0,31,64,2024-02-23,08:00:00
1281,15.5,0.52,4.0,32,58,2024-02-23,09:00:00
1282,20.6,0.49,3.0,34,53,2024-02-23,10:00:00
1283,22.4,0.5,4.0,35,45,2024-02-23,11:00:00
1284,19.5,0.52,6.0,36,40,2024-02-23,12:00:00
1285,22.6,0.55,7.0,38,33,2024-02-23,13:00:00
1286,24.6,0.59,8.0,36,44,2024-02-23,14:00:00
1287,22.7,0.53,11.0,35,51,2024-02-23,15:00:00
1288,25.5,0.58,15.0,35,50,2024-02-23,16:00:00
1289,28.1,0.65,13.0,33,57,2024-02-23,17:00:00
1290,29.8,0.67,11.0,31,69,2024-02-23,18:00:00
1291,31.7,0.66,12.0,30,72,2024-02-23,19:00:00
1292,32.8,0.69,10.0,30,73,2024-02-23,20:00:00
1293,30.6,0.55,9.0,30,70,2024-02-23,21:00:00
1294,32.6,0.53,8.0,30,71,2024-02-23,22:00:00
1295,29.7,0.56,9.0,30,66,2024-02-23,23:00:00
1296,25.9,0.38,2.0,29,62,2024-02-24,00:00:00
1297,16.4,0.36,1.0,28,66,2024-02-24,01:00:00
1298,15.4,0.36,1.0,28,67,2024-02-24,02:00:00
1299,14.8,0.37,0.0,28,69,2024-02-24,03:00:00
1300,18.2,0.41,0.0,27,70,2024-02-24,04:00:00
1301,19.8,0.48,1.0,27,70,2024-02-24,05:00:00
1302,18.1,0.5,5.29,27,72,2024-02-24,06:00:00
1303,17.5,0.48,5.0,28,68,2024-02-24,07:00:00
1304,17.7,0.45,2.0,30,59,2024-02-24,08:00:00
1305,17.5,0.45,4.0,31,55,2024-02-24,09:00:00
1306,20.4,0.46,4.0,32,52,2024-02-24,10:00:00
1307,19.7,0.47,7.0,33,50,2024-02-24,11:00:00
1308,16.8,0.46,4.0,35,45,2024-02-24,12:00:00
1309,13.1,0.49,3.0,35,45,2024-02-24,13:00:00
1310,18.6,0.53,3.0,35,50,2024-02-24,14:00:00
1311,15.2,0.43,2.0,34,53,2024-02-24,15:00:00
1312,12.4,0.39,2.0,33,58,2024-02-24,16:00:00
1313,20.2,0.44,3.0,33,60,2024-02-24,17:00:00
1314,19.6,0.46,6.0,31,64,2024-02-24,18:00:00
1315,18.2,0.49,4.0,32,53,2024-02-24,19:00:00
1316,20.9,0.48,3.0,32,51,2024-02-24,20:00:00
1317,21.1,0.45,3.0,31,52,2024-02-24,21:00:00
1318,22.7,0.43,2.0,31,52,2024-02-24,22:00:00
1319,18.2,0.44,1.0,30,55,2024-02-24,23:00:00
1320,16.2,0.48,5.0,29,59,2024-02-25,00:00:00
1321,18.1,0.42,4.0,28,63,2024-02-25,01:00:00
1322,19.0,0.42,4.0,28,65,2024-02-25,02:00:00
1323,17.0,0.39,1.0,28,65,2024-02-25,03:00:00
1324,17.4,0.42,3.0,28,68,2024-02-25,04:00:00
1325,18.9,0.45,2.0,27,71,2024-02-25,05:00:00
1326,21.5,0.49,3.0,27,72,2024-02-25,06:00:00
1327,22.7,0.5,5.29,28,71,2024-02-25,07:00:00
1328,23.0,0.43,2.0,31,61,2024-02-25,08:00:00
1329,21.4,0.45,2.0,31,60,2024-02-25,09:00:00
1330,21.7,0.44,2.0,33,54,2024-02-25,10:00:00
1331,20.2,0.44,3.0,34,51,2024-02-25,11:00:00
1332,22.8,0.45,3.0,35,49,2024-02-25,12:00:00
1333,19.5,0.49,2.0,36,44,2024-02-25,13:00:00
1334,19.8,0.52,6.0,37,39,2024-02-25,14:00:00
1335,18.6,0.42,2.0,36,44,2024-02-25,15:00:00
1336,20.0,0.42,1.0,35,45,2024-02-25,16:00:00
1337,15.9,0.42,2.0,35,46,2024-02-25,17:00:00
1338,23.0,0.45,6.0,33,53,2024-02-25,18:00:00
1339,23.6,0.63,9.0,32,61,2024-02-25,19:00:00
1340,46.5,0.68,11.0,31,65,2024-02-25,20:00:00
1341,51.4,0.57,9.0,30,67,2024-02-25,21:00:00
1342,46.9,0.54,8.0,30,65,2024-02-25,22:00:00
1343,25.2,0.55,5.0,30,63,2024-02-25,23:00:00
1344,24.3,0.44,1.0,29,68,2024-02-26,00:00:00
1345,24.0,0.38,0.0,29,71,2024-02-26,01:00:00
1346,25.1,0.4,0.0,28,71,2024-02-26,02:00:00
1347,25.4,0.41,5.29,28,69,2024-02-26,03:00:00
1348,26.9,0.39,5.29,28,69,2024-02-26,04:00:00
1349,27.9,0.39,5.29,28,72,2024-02-26,05:00:00
1350,24.9,0.4,1.0,28,73,2024-02-26,06:00:00
1351,21.4,0.41,1.0,28,71,2024-02-26,07:00:00
1352,25.6,0.5,5.29,31,63,2024-02-26,08:00:00
1353,24.6,0.45,4.0,32,57,2024-02-26,09:00:00
1354,31.8,0.47,3.0,33,54,2024-02-26,10:00:00
1355,31.1,0.45,4.0,34,49,2024-02-26,11:00:00
1356,28.8,0.46,4.0,35,46,2024-02-26,12:00:00
1357,30.6,0.57,5.0,37,41,2024-02-26,13:00:00
1358,30.3,0.54,5.0,36,41,2024-02-26,14:00:00
1359,26.7,0.45,5.0,37,39,2024-02-26,15:00:00
1360,29.0,0.47,4.0,36,40,2024-02-26,16:00:00
1361,30.2,0.47,6.0,35,42,2024-02-26,17:00:00
1362,30.1,0.48,5.0,33,48,2024-02-26,18:00:00
1363,27.9,0.54,5.0,32,50,2024-02-26,19:00:00
1364,34.3,0.49,3.0,31,55,2024-02-26,20:00:00
1365,32.8,0.48,3.0,30,56,2024-02-26,21:00:00
1366,33.4,0.47,2.0,30,58,2024-02-26,22:00:00
1367,36.3,0.46,1.0,29,62,2024-02-26,23:00:00
1368,30.7,0.42,0.0,29,66,2024-02-27,00:00:00
1369,36.0,0.42,1.0,28,71,2024-02-27,01:00:00
1370,31.1,0.46,2.0,28,71,2024-02-27,02:00:00
1371,27.1,0.43,1.0,28,70,2024-02-27,03:00:00
1372,32.3,0.42,1.0,28,73,2024-02-27,04:00:00
1373,29.4,0.46,1.0,27,71,2024-02-27,05:00:00
1374,31.6,0.47,3.0,27,72,2024-02-27,06:00:00
1375,26.7,0.54,6.0,28,70,2024-02-27,07:00:00
1376,27.7,0.45,5.0,30,61,2024-02-27,08:00:00
1377,23.7,0.5,5.29,31,56,2024-02-27,09:00:00
1378,29.8,0.46,3.0,32,54,2024-02-27,10:00:00
1379,26.3,0.45,3.0,33,48,2024-02-27,11:00:00
1380,19.5,0.5,4.0,35,44,2024-02-27,12:00:00
1381,20.7,0.55,5.0,36,41,2024-02-27,13:00:00
1382,20.1,0.54,4.0,37,37,2024-02-27,14:00:00
1383,16.8,0.43,4.0,37,39,2024-02-27,15:00:00
1384,20.2,0.48,7.0,36,43,2024-02-27,16:00:00
1385,22.6,0.5,7.0,34,51,2024-02-27,17:00:00
1386,19.3,0.47,7.0,33,48,2024-02-27,18:00:00
1387,20.3,0.52,4.0,32,47,2024-02-27,19:00:00
1388,22.3,0.49,4.0,31,50,2024-02-27,20:00:00
1389,26.4,0.42,2.0,31,53,2024-02-27,21:00:00
1390,22.1,0.39,1.0,30,60,2024-02-27,22:00:00
1391,19.1,0.38,0.0,29,58,2024-02-27,23:00:00
1392,15.5,0.35,5.29,29,61,2024-02-28,00:00:00
1393,18.6,0.37,5.29,28,66,2024-02-28,01:00:00
1394,19.9,0.39,5.29,28,70,2024-02-28,02:00:00
1395,19.3,0.37,5.29,28,69,2024-02-28,03:00:00
1396,20.4,0.38,5.29,28,73,2024-02-28,04:00:00
1397,17.5,0.38,5.29,28,73,2024-02-28,05:00:00
1398,22.7,0.38,0.0,28,71,2024-02-28,06:00:00
1399,18.4,0.47,3.0,28,71,2024-02-28,07:00:00
1400,22.8,0.43,3.0,30,63,2024-02-28,08:00:00
1401,23.9,0.44,2.0,32,58,2024-02-28,09:00:00
1402,22.7,0.5,5.29,33,55,2024-02-28,10:00:00
1403,27.8,0.45,2.0,33,53,2024-02-28,11:00:00
1404,23.8,0.46,4.0,35,47,2024-02-28,12:00:00
1405,23.3,0.53,6.0,35,50,2024-02-28,13:00:00
1406,22.5,0.49,3.0,34,49,2024-02-28,14:00:00
1407,23.4,0.4,2.0,35,47,2024-02-28,15:00:00
1408,21.5,0.45,4.0,35,46,2024-02-28,16:00:00
1409,22.8,0.44,3.0,34,52,2024-02-28,17:00:00
1410,21.3,0.47,6.0,32,57,2024-02-28,18:00:00
1411,20.3,0.59,6.0,31,64,2024-02-28,19:00:00
1412,23.9,0.56,6.0,31,63,2024-02-28,20:00:00
1413,25.0,0.45,4.0,31,61,2024-02-28,21:00:00
1414,27.9,0.44,1.0,30,62,2024-02-28,22:00:00
1415,30.1,0.43,1.0,29,65,2024-02-28,23:00:00
1416,31.3,0.36,5.29,29,67,2024-02-29,00:00:00
1417,23.6,0.38,0.0,29,67,2024-02-29,01:00:00
1418,31.4,0.39,5.29,28,69,2024-02-29,02:00:00
1419,31.3,0.39,5.29,28,70,2024-02-29,03:00:00
1420,26.3,0.38,5.29,28,70,2024-02-29,04:00:00
1421,29.3,0.38,5.29,28,69,2024-02-29,05:00:00
1422,30.3,0.4,2.0,28,70,2024-02-29,06:00:00
1423,24.5,0.46,4.0,28,65,2024-02-29,07:00:00
1424,26.6,0.44,3.0,31,59,2024-02-29,08:00:00
1425,24.7,0.43,3.0,31,55,2024-02-29,09:00:00
1426,26.1,0.45,4.0,32,53,2024-02-29,10:00:00
1427,24.7,0.5,5.29,34,47,2024-02-29,11:00:00
1428,23.8,0.49,8.0,35,43,2024-02-29,12:00:00
1429,22.8,0.55,7.0,36,40,2024-02-29,13:00:00
1430,24.1,0.53,6.0,37,38,2024-02-29,14:00:00
1431,24.4,0.44,8.0,38,38,2024-02-29,15:00:00
1432,26.8,0.51,9.0,38,38,2024-02-29,16:00:00
1433,24.6,0.52,9.0,36,40,2024-02-29,17:00:00
1434,27.9,0.54,12.0,33,47,2024-02-29,18:00:00
1435,29.4,0.56,6.0,32,51,2024-02-29,19:00:00
1436,29.4,0.51,5.0,32,52,2024-02-29,20:00:00
1437,28.6,0.56,7.0,31,56,2024-02-29,21:00:00
1438,23.5,0.5,4.0,30,61,2024-02-29,22:00:00
1439,27.2,0.49,4.0,30,62,2024-02-29,23:00:00
1440,26.7,0.42,3.0,29,61,2024-03-01,00:00:00
1441,23.8,0.43,3.0,29,61,2024-03-01,01:00:00
1442,25.9,0.41,0.0,29,62,2024-03-01,02:00:00
1443,24.5,0.4,0.0,28,64,2024-03-01,03:00:00
1444,24.0,0.38,0.0,28,65,2024-03-01,04:00:00
1445,23.2,0.41,0.0,28,67,2024-03-01,05:00:00
1446,24.2,0.42,2.0,28,67,2024-03-01,06:00:00
1447,25.5,0.5,5.0,29,65,2024-03-01,07:00:00
1448,29.7,0.47,3.0,31,60,2024-03-01,08:00:00
1449,26.7,0.46,2.0,32,56,2024-03-01,09:00:00
1450,24.5,0.48,3.0,33,53,2024-03-01,10:00:00
1451,28.8,0.48,3.0,34,49,2024-03-01,11:00:00
1452,27.3,0.46,3.0,35,45,2024-03-01,12:00:00
1453,25.2,0.55,4.0,35,46,2024-03-01,13:00:00
1454,24.7,0.49,2.0,34,48,2024-03-01,14:00:00
1455,26.3,0.43,2.0,35,47,2024-03-01,15:00:00
1456,26.8,0.49,7.0,34,48,2024-03-01,16:00:00
1457,29.8,0.49,13.0,33,52,2024-03-01,17:00:00
1458,31.3,0.52,12.0,32,60,2024-03-01,18:00:00
1459,28.7,0.6,12.0,31,65,2024-03-01,19:00:00
1460,33.9,0.57,11.0,30,66,2024-03-01,20:00:00
1461,30.3,0.53,9.0,30,66,2024-03-01,21:00:00
1462,27.5,0.46,6.0,30,66,2024-03-01,22:00:00
1463,27.7,0.48,6.0,30,68,2024-03-01,23:00:00
